universitas,idqsworld
http://www.wikidata.org/entity/Q4614,university-southern-california
http://www.wikidata.org/entity/Q16947,tongji-university
http://www.wikidata.org/entity/Q24576,universitat-ramon-llull
http://www.wikidata.org/entity/Q15568,university-hong-kong
http://www.wikidata.org/entity/Q39949,kaist-korea-advanced-institute-science-technology
http://www.wikidata.org/entity/Q32120,martin-luther-universitat-halle-wittenberg
http://www.wikidata.org/entity/Q43401,national-chiao-tung-university
http://www.wikidata.org/entity/Q41085,sungkyunkwan-university-skku
http://www.wikidata.org/entity/Q29716,universidad-autonoma-de-nuevo-leon
http://www.wikidata.org/entity/Q39988,yonsei-university
http://www.wikidata.org/entity/Q49118,boston-college
http://www.wikidata.org/entity/Q56837,national-research-nuclear-university-mephi-moscow-engineering-physics-institute
http://www.wikidata.org/entity/Q49212,texas-am-university
http://www.wikidata.org/entity/Q49213,university-texas-austin
http://www.wikidata.org/entity/Q76473,university-southampton
http://www.wikidata.org/entity/Q127745,ln-gumilyov-eurasian-national-university-enu
http://www.wikidata.org/entity/Q156737,christian-albrechts-university-zu-kiel
http://www.wikidata.org/entity/Q153006,freie-universitaet-berlin
http://www.wikidata.org/entity/Q144488,university-warsaw
http://www.wikidata.org/entity/Q161982,johannes-gutenberg-universitat-mainz
http://www.wikidata.org/entity/Q174570,london-school-economics-political-science-lse
http://www.wikidata.org/entity/Q188370,marquette-university
http://www.wikidata.org/entity/Q186285,university-copenhagen
http://www.wikidata.org/entity/Q208736,hufs-hankuk-korea-university-foreign-studies
http://www.wikidata.org/entity/Q206702,university-zurich
http://www.wikidata.org/entity/Q262854,lancaster-university
http://www.wikidata.org/entity/Q270145,universidad-nacional-mayor-de-san-marcos
http://www.wikidata.org/entity/Q273263,rwth-aachen-university
http://www.wikidata.org/entity/Q270532,university-aberdeen
http://www.wikidata.org/entity/Q317032,university-duesseldorf
http://www.wikidata.org/entity/Q319761,aberystwyth-university
http://www.wikidata.org/entity/Q319078,university-melbourne
http://www.wikidata.org/entity/Q390287,eotvos-lorand-university
http://www.wikidata.org/entity/Q422208,wageningen-university
http://www.wikidata.org/entity/Q459506,university-bristol
http://www.wikidata.org/entity/Q476521,king-mongkuts-university-technology-thonburi
http://www.wikidata.org/entity/Q464361,lebanese-american-university
http://www.wikidata.org/entity/Q482678,seoul-national-university-science-technology
http://www.wikidata.org/entity/Q472316,university-nottingham
http://www.wikidata.org/entity/Q506330,bangladesh-university-engineering-technology
http://www.wikidata.org/entity/Q519427,university-denver
http://www.wikidata.org/entity/Q590643,miami-university
http://www.wikidata.org/entity/Q599316,new-school
http://www.wikidata.org/entity/Q600634,pontificia-universidade-catolica-do-rio-grande-do-sul-pucrs
http://www.wikidata.org/entity/Q586904,universidade-federal-do-rio-de-janeiro
http://www.wikidata.org/entity/Q623851,chonbuk-national-university
http://www.wikidata.org/entity/Q632004,radboud-university
http://www.wikidata.org/entity/Q604470,shandong-university
http://www.wikidata.org/entity/Q633561,universidad-de-zaragoza
http://www.wikidata.org/entity/Q685664,fu-jen-catholic-university
http://www.wikidata.org/entity/Q683580,nanjing-university
http://www.wikidata.org/entity/Q672416,scuola-normale-superiore-di-pisa
http://www.wikidata.org/entity/Q714891,national-central-university
http://www.wikidata.org/entity/Q697299,national-chung-cheng-university
http://www.wikidata.org/entity/Q699543,national-taiwan-university-science-technology-taiwan-tech
http://www.wikidata.org/entity/Q718328,national-yang-ming-university
http://www.wikidata.org/entity/Q736674,university-colorado-boulder
http://www.wikidata.org/entity/Q737835,university-tehran
http://www.wikidata.org/entity/Q743615,university-tsukuba
http://www.wikidata.org/entity/Q758659,auckland-university-technology-aut
http://www.wikidata.org/entity/Q782600,linkoping-university
http://www.wikidata.org/entity/Q776223,universite-de-montpellier
http://www.wikidata.org/entity/Q761534,university-georgia
http://www.wikidata.org/entity/Q855730,chulalongkorn-university
http://www.wikidata.org/entity/Q854280,kth-royal-institute-technology
http://www.wikidata.org/entity/Q859363,sciences-po
http://www.wikidata.org/entity/Q841581,sofia-university-st-kliment-ohridski
http://www.wikidata.org/entity/Q835440,universitat-konstanz
http://www.wikidata.org/entity/Q835662,university-ulm
http://www.wikidata.org/entity/Q924265,aarhus-university
http://www.wikidata.org/entity/Q917874,abo-akademi-university
http://www.wikidata.org/entity/Q932411,brunel-university-london
http://www.wikidata.org/entity/Q931865,clarkson-university
http://www.wikidata.org/entity/Q921088,doshisha-university
http://www.wikidata.org/entity/Q961612,universidad-de-montevideo-um
http://www.wikidata.org/entity/Q947259,universidad-panamericana
http://www.wikidata.org/entity/Q955609,universita-degli-studi-di-ferrara
http://www.wikidata.org/entity/Q978124,university-southern-queensland
http://www.wikidata.org/entity/Q1060621,ankara-universitesi
http://www.wikidata.org/entity/Q1065809,florida-international-university
http://www.wikidata.org/entity/Q1075339,ohio-university
http://www.wikidata.org/entity/Q1073674,university-milano-bicocca
http://www.wikidata.org/entity/Q1094046,city-university-london
http://www.wikidata.org/entity/Q1138080,coventry-university
http://www.wikidata.org/entity/Q1138384,university-mississippi
http://www.wikidata.org/entity/Q1148334,tokyo-metropolitan-university
http://www.wikidata.org/entity/Q1163431,universite-psl
http://www.wikidata.org/entity/Q1153539,xiamen-university
http://www.wikidata.org/entity/Q1187271,hong-kong-polytechnic-university
http://www.wikidata.org/entity/Q1193155,koc-university
http://www.wikidata.org/entity/Q1209733,thammasat-university
http://www.wikidata.org/entity/Q1257946,tallinn-university
http://www.wikidata.org/entity/Q1235608,universite-diderot-paris-7
http://www.wikidata.org/entity/Q1277357,edinburgh-napier-university
http://www.wikidata.org/entity/Q1301275,tokyo-university-agriculture-technology
http://www.wikidata.org/entity/Q1316229,universidad-diego-portales-udp
http://www.wikidata.org/entity/Q1329478,czech-technical-university-prague
http://www.wikidata.org/entity/Q1345942,university-east-london
http://www.wikidata.org/entity/Q1377090,european-university-cyprus
http://www.wikidata.org/entity/Q1394262,universite-paris-ouest-nanterre-la-defense
http://www.wikidata.org/entity/Q738236,national-university-singapore-nus
http://www.wikidata.org/entity/Q739627,pennsylvania-state-university
http://www.wikidata.org/entity/Q742494,tomsk-state-university
http://www.wikidata.org/entity/Q738258,university-miami
http://www.wikidata.org/entity/Q790029,bangor-university
http://www.wikidata.org/entity/Q787360,city-university-hong-kong
http://www.wikidata.org/entity/Q772421,st-georges-university-london
http://www.wikidata.org/entity/Q760690,universidad-de-los-andes-ula-merida
http://www.wikidata.org/entity/Q851164,corvinus-university-budapest
http://www.wikidata.org/entity/Q861548,florida-state-university
http://www.wikidata.org/entity/Q858662,indian-institute-technology-madras-iitm
http://www.wikidata.org/entity/Q839669,rudn-university
http://www.wikidata.org/entity/Q877925,queens-university-belfast
http://www.wikidata.org/entity/Q926068,university-navarra
http://www.wikidata.org/entity/Q948720,indian-institute-science-0
http://www.wikidata.org/entity/Q970751,universidade-catolica-portuguesa-ucp
http://www.wikidata.org/entity/Q962011,university-tasmania
http://www.wikidata.org/entity/Q999763,universite-paris-1-pantheon-sorbonne
http://www.wikidata.org/entity/Q1026925,california-state-university-fullerton
http://www.wikidata.org/entity/Q1041737,carleton-university
http://www.wikidata.org/entity/Q1066492,stellenbosch-university
http://www.wikidata.org/entity/Q1076209,universidad-nacional-de-cuyo
http://www.wikidata.org/entity/Q1074103,university-science-technology-china
http://www.wikidata.org/entity/Q1052614,utah-state-university
http://www.wikidata.org/entity/Q1108197,wuhan-university
http://www.wikidata.org/entity/Q1150245,kyushu-institute-technology
http://www.wikidata.org/entity/Q1144750,queensland-university-technology-qut
http://www.wikidata.org/entity/Q1150419,universidad-nacional-de-colombia
http://www.wikidata.org/entity/Q1150105,university-tennessee-knoxville
http://www.wikidata.org/entity/Q1186843,budapest-university-technology-economics
http://www.wikidata.org/entity/Q1188786,kyushu-university
http://www.wikidata.org/entity/Q1153094,sophia-university
http://www.wikidata.org/entity/Q1209029,shinshu-university
http://www.wikidata.org/entity/Q1229996,universidad-de-sevilla
http://www.wikidata.org/entity/Q1232831,universidade-federal-do-parana-ufpr
http://www.wikidata.org/entity/Q1232180,university-granada
http://www.wikidata.org/entity/Q1305486,universidad-de-costa-rica
http://www.wikidata.org/entity/Q1343386,shanghai-university
http://www.wikidata.org/entity/Q1360303,university-kentucky
http://www.wikidata.org/entity/Q1433199,indiana-university-purdue-university-indianapolis
http://www.wikidata.org/entity/Q1420500,swansea-university
http://www.wikidata.org/entity/Q1423756,texas-tech-university
http://www.wikidata.org/entity/Q1422903,university-porto
http://www.wikidata.org/entity/Q1521725,louisiana-state-university
http://www.wikidata.org/entity/Q1537759,loyola-university-chicago
http://www.wikidata.org/entity/Q1711558,plymouth-university
http://www.wikidata.org/entity/Q1795928,king-abdulaziz-university-kau
http://www.wikidata.org/entity/Q1817355,lviv-polytechnic-national-university
http://www.wikidata.org/entity/Q2000629,universidad-rey-juan-carlos
http://www.wikidata.org/entity/Q2007643,riga-stradins-university
http://www.wikidata.org/entity/Q2001798,shiraz-university
http://www.wikidata.org/entity/Q2065921,southern-federal-university
http://www.wikidata.org/entity/Q2579702,jadavpur-university
http://www.wikidata.org/entity/Q2579532,universite-de-sherbrooke
http://www.wikidata.org/entity/Q3056813,university-brighton
http://www.wikidata.org/entity/Q3182943,bournemouth-university
http://www.wikidata.org/entity/Q3232206,universidad-tecnologica-nacional-utn
http://www.wikidata.org/entity/Q4200627,diponegoro-university
http://www.wikidata.org/entity/Q4173330,university-lorraine
http://www.wikidata.org/entity/Q4315005,national-university-science-technology-misis
http://www.wikidata.org/entity/Q4380853,missouri-university-science-technology
http://www.wikidata.org/entity/Q4475799,lanzhou-university
http://www.wikidata.org/entity/Q4456097,ternopil-national-economic-university
http://www.wikidata.org/entity/Q4533962,auezov-south-kazakhstan-state-university-sksu
http://www.wikidata.org/entity/Q4746780,amirkabir-university-technology
http://www.wikidata.org/entity/Q5255905,universidad-nacional-de-rosario-unr
http://www.wikidata.org/entity/Q7125592,pakistan-institute-engineering-applied-sciences-pieas
http://www.wikidata.org/entity/Q12204508,ajman-university
http://www.wikidata.org/entity/Q4032,universite-claude-bernard-lyon-1
http://www.wikidata.org/entity/Q4027,universite-jean-moulin-lyon-3
http://www.wikidata.org/entity/Q4041,universite-lumiere-lyon-2
http://www.wikidata.org/entity/Q13164,lomonosov-moscow-state-university
http://www.wikidata.org/entity/Q32751,national-sun-yat-sen-university
http://www.wikidata.org/entity/Q29052,vanderbilt-university
http://www.wikidata.org/entity/Q49114,brown-university
http://www.wikidata.org/entity/Q37548,northeastern-university
http://www.wikidata.org/entity/Q65379,virginia-polytechnic-institute-state-university
http://www.wikidata.org/entity/Q115220,hiroshima-university
http://www.wikidata.org/entity/Q132478,oxford-brookes-university
http://www.wikidata.org/entity/Q156598,leiden-university
http://www.wikidata.org/entity/Q154804,universitat-leipzig
http://www.wikidata.org/entity/Q157575,universite-de-strasbourg
http://www.wikidata.org/entity/Q168756,university-california-berkeley-ucb
http://www.wikidata.org/entity/Q190080,carnegie-mellon-university
http://www.wikidata.org/entity/Q194445,cairo-university
http://www.wikidata.org/entity/Q204181,university-tartu
http://www.wikidata.org/entity/Q195046,worcester-polytechnic-institute
http://www.wikidata.org/entity/Q222738,universidad-nacional-autonoma-de-mexico-unam
http://www.wikidata.org/entity/Q219563,university-washington
http://www.wikidata.org/entity/Q245247,kings-college-london
http://www.wikidata.org/entity/Q273523,ecole-des-ponts-paristech
http://www.wikidata.org/entity/Q273535,hec-paris-school-management
http://www.wikidata.org/entity/Q267111,niigata-university
http://www.wikidata.org/entity/Q258464,trinity-college-dublin-university-dublin
http://www.wikidata.org/entity/Q309350,northwestern-university
http://www.wikidata.org/entity/Q308963,university-salamanca
http://www.wikidata.org/entity/Q326342,concordia-university
http://www.wikidata.org/entity/Q317053,justus-liebig-university-giessen
http://www.wikidata.org/entity/Q319239,tel-aviv-university
http://www.wikidata.org/entity/Q317070,universitat-mannheim
http://www.wikidata.org/entity/Q1434547,loughborough-university
http://www.wikidata.org/entity/Q1420038,queens-university-kingston
http://www.wikidata.org/entity/Q1430954,saint-joseph-university-beirut-usj
http://www.wikidata.org/entity/Q1444125,universiti-kebangsaan-malaysia-ukm
http://www.wikidata.org/entity/Q1422458,university-bath
http://www.wikidata.org/entity/Q1467445,novosibirsk-state-technical-university
http://www.wikidata.org/entity/Q1473677,universidade-de-santiago-de-compostela
http://www.wikidata.org/entity/Q1496662,gazi-universitesi
http://www.wikidata.org/entity/Q1546906,ca-foscari-university-venice
http://www.wikidata.org/entity/Q1541161,lingnan-university-hong-kong
http://www.wikidata.org/entity/Q1633799,baku-state-university
http://www.wikidata.org/entity/Q1640648,university-canberra
http://www.wikidata.org/entity/Q1678753,poznan-university-technology
http://www.wikidata.org/entity/Q1737734,keele-university
http://www.wikidata.org/entity/Q1760791,middlesex-university
http://www.wikidata.org/entity/Q1778355,slovak-university-technology-bratislava
http://www.wikidata.org/entity/Q1809949,lappeenranta-university-technology
http://www.wikidata.org/entity/Q1815994,pontificia-universidade-catolica-de-sao-paulo
http://www.wikidata.org/entity/Q1857293,pontificia-universidade-catolica-do-rio-de-janeiro
http://www.wikidata.org/entity/Q1814435,university-new-england-australia
http://www.wikidata.org/entity/Q1888771,manchester-metropolitan-university
http://www.wikidata.org/entity/Q1887879,university-san-francisco
http://www.wikidata.org/entity/Q1859178,university-strathclyde
http://www.wikidata.org/entity/Q1973130,universiti-sains-malaysia-usm
http://www.wikidata.org/entity/Q2093139,university-eastern-finland
http://www.wikidata.org/entity/Q2340211,jamia-millia-islamia-new-delhi
http://www.wikidata.org/entity/Q2723670,ain-shams-university
http://www.wikidata.org/entity/Q2749558,universidade-federal-do-ceara-ufc
http://www.wikidata.org/entity/Q2892284,baylor-college-medicine
http://www.wikidata.org/entity/Q3056815,university-huddersfield
http://www.wikidata.org/entity/Q3133606,umm-al-qura-university
http://www.wikidata.org/entity/Q3180921,tokyo-medical-dental-university-tmdu
http://www.wikidata.org/entity/Q3181122,universitas-padjadjaran
http://www.wikidata.org/entity/Q3578432,esc-clermont-graduate-school-management
http://www.wikidata.org/entity/Q3551770,southeast-university
http://www.wikidata.org/entity/Q4062936,altai-state-university
http://www.wikidata.org/entity/Q5174858,instituto-tecnologico-de-costa-rica-tec
http://www.wikidata.org/entity/Q5242548,universidad-de-san-andres-udesa
http://www.wikidata.org/entity/Q6039029,universiti-teknologi-brunei
http://www.wikidata.org/entity/Q815432,keio-university
http://www.wikidata.org/entity/Q6399651,khalifa-university
http://www.wikidata.org/entity/Q7895617,universidad-de-la-sabana
http://www.wikidata.org/entity/Q7894364,universidade-estadual-de-londrina
http://www.wikidata.org/entity/Q7895102,university-babylon
http://www.wikidata.org/entity/Q18360632,universidad-autonoma-del-estado-de-mexico-uaemex
http://www.wikidata.org/entity/Q41497113,sorbonne-university
http://www.wikidata.org/entity/Q15570,chinese-university-hong-kong-cuhk
http://www.wikidata.org/entity/Q16955,tsinghua-university
http://www.wikidata.org/entity/Q15574,university-adelaide
http://www.wikidata.org/entity/Q39913,seoul-national-university
http://www.wikidata.org/entity/Q24543,universitat-pompeu-fabra
http://www.wikidata.org/entity/Q24401,universiti-teknologi-malaysia
http://www.wikidata.org/entity/Q35794,university-cambridge
http://www.wikidata.org/entity/Q28695,university-helsinki
http://www.wikidata.org/entity/Q29673,university-minho
http://www.wikidata.org/entity/Q41506,stanford-university
http://www.wikidata.org/entity/Q54096,university-cologne
http://www.wikidata.org/entity/Q94810,universiti-tenaga-nasional-uniten
http://www.wikidata.org/entity/Q132140,universidade-federal-de-minas-gerais
http://www.wikidata.org/entity/Q157808,technical-university-munich
http://www.wikidata.org/entity/Q164028,universidad-de-guadalajara-udg
http://www.wikidata.org/entity/Q175241,university-antwerp
http://www.wikidata.org/entity/Q168426,westfalische-wilhelms-universitat-munster
http://www.wikidata.org/entity/Q181177,cranfield-university
http://www.wikidata.org/entity/Q192775,university-glasgow
http://www.wikidata.org/entity/Q180865,university-toronto
http://www.wikidata.org/entity/Q204626,hitotsubashi-university
http://www.wikidata.org/entity/Q204457,university-bergen
http://www.wikidata.org/entity/Q219317,universita-degli-studi-di-pavia
http://www.wikidata.org/entity/Q273626,ecole-polytechnique
http://www.wikidata.org/entity/Q280305,universidade-da-coruna
http://www.wikidata.org/entity/Q332498,brigham-young-university
http://www.wikidata.org/entity/Q322668,german-jordanian-university
http://www.wikidata.org/entity/Q369839,university-szeged
http://www.wikidata.org/entity/Q389852,vilnius-gediminas-technical-university
http://www.wikidata.org/entity/Q469476,american-university-cairo
http://www.wikidata.org/entity/Q467144,american-university-dubai
http://www.wikidata.org/entity/Q482663,gangneung-wonju-national-university
http://www.wikidata.org/entity/Q492467,university-auckland
http://www.wikidata.org/entity/Q488334,university-seoul
http://www.wikidata.org/entity/Q499451,rutgers-university-new-brunswick
http://www.wikidata.org/entity/Q498407,university-latvia
http://www.wikidata.org/entity/Q503424,university-leeds
http://www.wikidata.org/entity/Q528231,goldsmiths-university-london
http://www.wikidata.org/entity/Q534515,universitas-indonesia
http://www.wikidata.org/entity/Q578326,university-jyvaskyla
http://www.wikidata.org/entity/Q606140,university-waikato
http://www.wikidata.org/entity/Q616359,aoyama-gakuin-university
http://www.wikidata.org/entity/Q633529,erasmus-university-rotterdam
http://www.wikidata.org/entity/Q625158,kaunas-university-technology
http://www.wikidata.org/entity/Q622137,lehigh-university
http://www.wikidata.org/entity/Q626804,mahidol-university
http://www.wikidata.org/entity/Q632891,mcmaster-university
http://www.wikidata.org/entity/Q644478,national-university-ireland-galway
http://www.wikidata.org/entity/Q649998,university-nairobi
http://www.wikidata.org/entity/Q675848,university-zagreb
http://www.wikidata.org/entity/Q689400,vienna-university-technology
http://www.wikidata.org/entity/Q721064,nanyang-technological-university-singapore-ntu
http://www.wikidata.org/entity/Q702482,university-bayreuth
http://www.wikidata.org/entity/Q752663,delft-university-technology
http://www.wikidata.org/entity/Q349055,wayne-state-university
http://www.wikidata.org/entity/Q378134,universite-catholique-de-louvain-ucl
http://www.wikidata.org/entity/Q368643,university-coimbra
http://www.wikidata.org/entity/Q392897,politecnico-di-torino
http://www.wikidata.org/entity/Q452406,kasetsart-university
http://www.wikidata.org/entity/Q495032,benemerita-universidad-autonoma-de-puebla
http://www.wikidata.org/entity/Q484900,gwangju-institute-science-technology-gist
http://www.wikidata.org/entity/Q492766,lobachevsky-university
http://www.wikidata.org/entity/Q487556,university-sydney
http://www.wikidata.org/entity/Q501841,university-turku
http://www.wikidata.org/entity/Q483656,wonkwang-university
http://www.wikidata.org/entity/Q525169,shanghai-jiao-tong-university
http://www.wikidata.org/entity/Q536512,james-cook-university
http://www.wikidata.org/entity/Q547867,national-kapodistrian-university-athens
http://www.wikidata.org/entity/Q611723,ryerson-university
http://www.wikidata.org/entity/Q604487,tallinn-university-technology
http://www.wikidata.org/entity/Q632558,harbin-institute-technology
http://www.wikidata.org/entity/Q659706,illinois-institute-technology
http://www.wikidata.org/entity/Q678982,leibniz-universitat-hannover
http://www.wikidata.org/entity/Q666916,universidade-de-vigo
http://www.wikidata.org/entity/Q661056,universite-de-poitiers
http://www.wikidata.org/entity/Q658975,university-lausanne
http://www.wikidata.org/entity/Q662976,university-paris-2-pantheon-assas
http://www.wikidata.org/entity/Q673354,university-stgallen-hsg
http://www.wikidata.org/entity/Q696672,feng-chia-university
http://www.wikidata.org/entity/Q689775,graz-university-technology
http://www.wikidata.org/entity/Q685557,tu-dortmund-university
http://www.wikidata.org/entity/Q726595,universite-de-rennes-1
http://www.wikidata.org/entity/Q763586,masaryk-university
http://www.wikidata.org/entity/Q749718,oklahoma-state-university
http://www.wikidata.org/entity/Q748085,universita-degli-studi-di-perugia
http://www.wikidata.org/entity/Q781371,australian-catholic-university
http://www.wikidata.org/entity/Q815268,belarusian-national-technical-university-bntu
http://www.wikidata.org/entity/Q863813,binghamton-university-suny
http://www.wikidata.org/entity/Q864855,georgia-institute-technology
http://www.wikidata.org/entity/Q969850,stony-brook-university-state-university-new-york
http://www.wikidata.org/entity/Q1035745,cardiff-university
http://www.wikidata.org/entity/Q1048626,lincoln-university
http://www.wikidata.org/entity/Q1057890,rmit-university
http://www.wikidata.org/entity/Q1068752,howard-university
http://www.wikidata.org/entity/Q1079140,indiana-university-bloomington
http://www.wikidata.org/entity/Q1067935,universite-laval
http://www.wikidata.org/entity/Q1075148,university-california-riverside
http://www.wikidata.org/entity/Q1073666,yamaguchi-university
http://www.wikidata.org/entity/Q1122171,brno-university-technology
http://www.wikidata.org/entity/Q1144682,beijing-foreign-studies-university
http://www.wikidata.org/entity/Q1136829,insead
http://www.wikidata.org/entity/Q1137652,maastricht-university
http://www.wikidata.org/entity/Q1155944,universite-paris-descartes
http://www.wikidata.org/entity/Q1144262,university-western-ontario
http://www.wikidata.org/entity/Q1150437,victoria-university-wellington
http://www.wikidata.org/entity/Q1198571,universite-nice-sophia-antipolis
http://www.wikidata.org/entity/Q1191833,university-manitoba
http://www.wikidata.org/entity/Q1201513,university-otago
http://www.wikidata.org/entity/Q1243904,universidad-de-alcala
http://www.wikidata.org/entity/Q1236345,university-murcia
http://www.wikidata.org/entity/Q1284408,pontificia-universidad-catolica-de-valparaiso
http://www.wikidata.org/entity/Q1333933,universidad-torcuato-di-tella
http://www.wikidata.org/entity/Q1375146,murdoch-university
http://www.wikidata.org/entity/Q1401524,university-santo-tomas
http://www.wikidata.org/entity/Q1477368,dalian-university-technology
http://www.wikidata.org/entity/Q1462246,university-patras
http://www.wikidata.org/entity/Q1458695,v-n-karazin-kharkiv-national-university
http://www.wikidata.org/entity/Q1574578,qatar-university
http://www.wikidata.org/entity/Q1536258,southern-methodist-university
http://www.wikidata.org/entity/Q1665236,instituto-tecnologico-autonomo-de-mexico-itam
http://www.wikidata.org/entity/Q1637611,palacky-university-olomouc
http://www.wikidata.org/entity/Q1707779,university-bahrain
http://www.wikidata.org/entity/Q1752712,nicolaus-copernicus-university
http://www.wikidata.org/entity/Q1795504,emlyon-business-school
http://www.wikidata.org/entity/Q1807470,voronezh-state-university
http://www.wikidata.org/entity/Q1815710,de-la-salle-university
http://www.wikidata.org/entity/Q1896148,university-greenwich
http://www.wikidata.org/entity/Q1982481,new-college-humanities
http://www.wikidata.org/entity/Q2002619,nottingham-trent-university
http://www.wikidata.org/entity/Q1979891,universidade-nova-de-lisboa
http://www.wikidata.org/entity/Q2003976,universitat-politecnica-de-valencia
http://www.wikidata.org/entity/Q1972050,university-johannesburg
http://www.wikidata.org/entity/Q2060678,universidade-estadual-de-campinas-unicamp
http://www.wikidata.org/entity/Q2093477,universidad-simon-bolivar-usb
http://www.wikidata.org/entity/Q2166335,university-southern-denmark
http://www.wikidata.org/entity/Q2299797,beihang-university-former-buaa
http://www.wikidata.org/entity/Q2321391,st-marys-university-twickenham
http://www.wikidata.org/entity/Q2322256,universidade-federal-de-pernambuco-ufpe
http://www.wikidata.org/entity/Q2382644,siberian-federal-university-sibfu
http://www.wikidata.org/entity/Q2418908,belarusian-state-university
http://www.wikidata.org/entity/Q2413375,open-university
http://www.wikidata.org/entity/Q2503794,northumbria-university-newcastle
http://www.wikidata.org/entity/Q2601879,maynooth-university
http://www.wikidata.org/entity/Q2648311,birla-institute-technology-science-pilani
http://www.wikidata.org/entity/Q2748799,chang-gung-university
http://www.wikidata.org/entity/Q3034637,universidad-tecnologica-de-panama-utp
http://www.wikidata.org/entity/Q3098071,dublin-institute-technology
http://www.wikidata.org/entity/Q3146547,icn-business-school
http://www.wikidata.org/entity/Q3272013,new-jersey-institute-technology-njit
http://www.wikidata.org/entity/Q3298919,vellore-institute-technology-vit
http://www.wikidata.org/entity/Q3578434,bsb-burgundy-school-business
http://www.wikidata.org/entity/Q3696003,national-university-sciences-technology-nust-islamabad
http://www.wikidata.org/entity/Q4116241,king-fahd-university-petroleum-minerals
http://www.wikidata.org/entity/Q4446047,sumy-state-university
http://www.wikidata.org/entity/Q4760155,universidad-catolica-andres-bello
http://www.wikidata.org/entity/Q7404818,salisbury-university
http://www.wikidata.org/entity/Q18399739,samarkand-state-medical-institute
http://www.wikidata.org/entity/Q1378,university-maribor
http://www.wikidata.org/entity/Q27621,saint-petersburg-state-university
http://www.wikidata.org/entity/Q41738,catholic-university-korea
http://www.wikidata.org/entity/Q40018,pohang-university-science-technology-postech
http://www.wikidata.org/entity/Q36188,universite-de-fribourg
http://www.wikidata.org/entity/Q49119,brandeis-university
http://www.wikidata.org/entity/Q49116,dartmouth-college
http://www.wikidata.org/entity/Q49117,university-pennsylvania
http://www.wikidata.org/entity/Q85449,national-technical-university-ukraine-igor-sikorsky-kyiv-polytechnic-institute
http://www.wikidata.org/entity/Q131262,alma-mater-studiorum-university-bologna
http://www.wikidata.org/entity/Q152087,humboldt-universitat-zu-berlin
http://www.wikidata.org/entity/Q151510,ruprecht-karls-universitat-heidelberg
http://www.wikidata.org/entity/Q158158,technische-universitat-dresden
http://www.wikidata.org/entity/Q154561,universitat-jena
http://www.wikidata.org/entity/Q159895,universitat-rostock
http://www.wikidata.org/entity/Q168000,american-university
http://www.wikidata.org/entity/Q182973,university-iowa
http://www.wikidata.org/entity/Q178848,university-notre-dame
http://www.wikidata.org/entity/Q165980,university-vienna
http://www.wikidata.org/entity/Q180514,victoria-university
http://www.wikidata.org/entity/Q189022,imperial-college-london
http://www.wikidata.org/entity/Q201492,mcgill-university
http://www.wikidata.org/entity/Q193196,ucl-university-college-london
http://www.wikidata.org/entity/Q199948,universidad-de-concepcion
http://www.wikidata.org/entity/Q185246,uppsala-university
http://www.wikidata.org/entity/Q218506,lund-university
http://www.wikidata.org/entity/Q217741,purdue-university
http://www.wikidata.org/entity/Q221645,stockholm-university
http://www.wikidata.org/entity/Q219615,universitat-de-barcelona
http://www.wikidata.org/entity/Q216273,university-st-andrews
http://www.wikidata.org/entity/Q221653,utrecht-university
http://www.wikidata.org/entity/Q262760,epfl-ecole-polytechnique-federale-de-lausanne
http://www.wikidata.org/entity/Q270222,michigan-state-university
http://www.wikidata.org/entity/Q259388,universite-de-nantes
http://www.wikidata.org/entity/Q263064,university-california-santa-barbara-ucsb
http://www.wikidata.org/entity/Q277664,tampere-university-technology
http://www.wikidata.org/entity/Q286744,universidad-de-monterrey-udem
http://www.wikidata.org/entity/Q309331,ohio-state-university
http://www.wikidata.org/entity/Q315658,university-wroclaw
http://www.wikidata.org/entity/Q344334,istanbul-technical-university
http://www.wikidata.org/entity/Q371522,university-gothenburg
http://www.wikidata.org/entity/Q392667,wake-forest-university
http://www.wikidata.org/entity/Q482724,hallym-university
http://www.wikidata.org/entity/Q510029,birzeit-university
http://www.wikidata.org/entity/Q500606,university-south-florida
http://www.wikidata.org/entity/Q531285,university-newcastle-australia-uon
http://www.wikidata.org/entity/Q546976,university-surrey
http://www.wikidata.org/entity/Q534643,university-witwatersrand
http://www.wikidata.org/entity/Q573954,university-limerick
http://www.wikidata.org/entity/Q595668,tilburg-university
http://www.wikidata.org/entity/Q593321,university-genoa
http://www.wikidata.org/entity/Q591115,university-haifa
http://www.wikidata.org/entity/Q631066,clemson-university
http://www.wikidata.org/entity/Q621043,emory-university
http://www.wikidata.org/entity/Q622683,karl-franzens-universitaet-graz
http://www.wikidata.org/entity/Q638859,mills-college
http://www.wikidata.org/entity/Q640694,university-alberta
http://www.wikidata.org/entity/Q670897,arizona-state-university
http://www.wikidata.org/entity/Q702303,far-eastern-federal-university
http://www.wikidata.org/entity/Q684783,kanazawa-university
http://www.wikidata.org/entity/Q691851,university-naples-federico-ii
http://www.wikidata.org/entity/Q707573,national-chung-hsing-university
http://www.wikidata.org/entity/Q762266,city-university-new-york
http://www.wikidata.org/entity/Q756126,middle-east-technical-university
http://www.wikidata.org/entity/Q746592,university-philippines
http://www.wikidata.org/entity/Q774609,scuola-superiore-santanna-pisa-di-studi-universitari-e-di-perfezionamento
http://www.wikidata.org/entity/Q837164,newcastle-university
http://www.wikidata.org/entity/Q842909,rice-university
http://www.wikidata.org/entity/Q868421,university-california-irvine
http://www.wikidata.org/entity/Q914024,yokohama-city-university
http://www.wikidata.org/entity/Q936476,universidad-central-de-venezuela
http://www.wikidata.org/entity/Q941806,universidad-de-castilla-la-mancha
http://www.wikidata.org/entity/Q945876,universite-grenoble-alpes
http://www.wikidata.org/entity/Q1047060,case-western-reserve-university
http://www.wikidata.org/entity/Q1064071,charles-darwin-university
http://www.wikidata.org/entity/Q1066188,charles-sturt-university
http://www.wikidata.org/entity/Q1062129,tohoku-university
http://www.wikidata.org/entity/Q1075104,university-essex
http://www.wikidata.org/entity/Q1076729,vietnam-national-university-hanoi
http://www.wikidata.org/entity/Q1111640,colorado-state-university
http://www.wikidata.org/entity/Q1145992,gadjah-mada-university
http://www.wikidata.org/entity/Q1143396,osaka-city-university
http://www.wikidata.org/entity/Q1145306,university-calcutta
http://www.wikidata.org/entity/Q1122926,university-lisbon
http://www.wikidata.org/entity/Q1194650,indian-institute-technology-delhi-iitd
http://www.wikidata.org/entity/Q1191166,university-hyderabad
http://www.wikidata.org/entity/Q1161297,university-sussex
http://www.wikidata.org/entity/Q1202897,dublin-city-university
http://www.wikidata.org/entity/Q1202039,royal-holloway-university-london
http://www.wikidata.org/entity/Q1248821,catania-university
http://www.wikidata.org/entity/Q1284960,edith-cowan-university
http://www.wikidata.org/entity/Q1258413,universidad-de-antioquia
http://www.wikidata.org/entity/Q1245999,university-siena
http://www.wikidata.org/entity/Q1247544,university-westminster
http://www.wikidata.org/entity/Q1322412,saitama-university
http://www.wikidata.org/entity/Q1342013,itmo-university
http://www.wikidata.org/entity/Q1367256,moscow-institute-physics-technology-mipt-moscow-phystech
http://www.wikidata.org/entity/Q1353679,university-nebraska-lincoln
http://www.wikidata.org/entity/Q1357517,university-oulu
http://www.wikidata.org/entity/Q1421182,multimedia-university-mmu
http://www.wikidata.org/entity/Q1478723,la-trobe-university
http://www.wikidata.org/entity/Q1455176,shanghai-international-studies-university
http://www.wikidata.org/entity/Q1519696,prince-songkla-university
http://www.wikidata.org/entity/Q1517021,university-western-australia
http://www.wikidata.org/entity/Q1570489,universidad-nacional-de-cordoba-unc
http://www.wikidata.org/entity/Q1640726,national-technical-university-athens
http://www.wikidata.org/entity/Q1641504,university-palermo
http://www.wikidata.org/entity/Q1719038,technical-university-kosice
http://www.wikidata.org/entity/Q1718656,warsaw-university-technology
http://www.wikidata.org/entity/Q1789101,universidad-de-belgrano
http://www.wikidata.org/entity/Q2281517,sichuan-university
http://www.wikidata.org/entity/Q2306715,bogor-agricultural-university
http://www.wikidata.org/entity/Q4384447,universidade-federal-de-sao-paulo
http://www.wikidata.org/entity/Q4746980,amity-university
http://www.wikidata.org/entity/Q4823399,universidad-austral
http://www.wikidata.org/entity/Q5013372,comsats-institute-information-technology
http://www.wikidata.org/entity/Q5814528,universidade-federal-de-vicosa-ufv
http://www.wikidata.org/entity/Q7896057,universidad-de-palermo
http://www.wikidata.org/entity/Q7894273,universidad-externado-de-colombia
http://www.wikidata.org/entity/Q7970913,university-social-sciences-humanities
http://www.wikidata.org/entity/Q11194540,national-dong-hwa-university
http://www.wikidata.org/entity/Q10177,ecole-centrale-de-lyon
http://www.wikidata.org/entity/Q13371,harvard-university
http://www.wikidata.org/entity/Q13344,university-bordeaux
http://www.wikidata.org/entity/Q15576,university-south-australia
http://www.wikidata.org/entity/Q31392,comenius-university-bratislava
http://www.wikidata.org/entity/Q41114,ewha-womans-university
http://www.wikidata.org/entity/Q32746,national-taiwan-university-ntu
http://www.wikidata.org/entity/Q31867,universidad-nacional-costa-rica
http://www.wikidata.org/entity/Q49115,cornell-university
http://www.wikidata.org/entity/Q49108,massachusetts-institute-technology-mit
http://www.wikidata.org/entity/Q49210,new-york-university-nyu
http://www.wikidata.org/entity/Q53122,pusan-national-university
http://www.wikidata.org/entity/Q49204,smith-college
http://www.wikidata.org/entity/Q51985,technische-universitat-berlin-tu-berlin
http://www.wikidata.org/entity/Q49206,university-connecticut
http://www.wikidata.org/entity/Q49112,yale-university
http://www.wikidata.org/entity/Q56148,yeungnam-university
http://www.wikidata.org/entity/Q114892,nagasaki-university
http://www.wikidata.org/entity/Q161562,california-institute-technology-caltech
http://www.wikidata.org/entity/Q162684,charite-universitatsmedizin-berlin
http://www.wikidata.org/entity/Q155354,philipps-universitat-marburg
http://www.wikidata.org/entity/Q159102,universidade-federal-da-bahia
http://www.wikidata.org/entity/Q153012,universitat-potsdam
http://www.wikidata.org/entity/Q173959,al-azhar-university
http://www.wikidata.org/entity/Q168751,duke-university
http://www.wikidata.org/entity/Q178017,gunma-university
http://www.wikidata.org/entity/Q192334,university-north-carolina-chapel-hill
http://www.wikidata.org/entity/Q209344,sapienza-university-rome
http://www.wikidata.org/entity/Q220144,soas-university-london
http://www.wikidata.org/entity/Q235034,university-pittsburgh
http://www.wikidata.org/entity/Q290456,osaka-prefecture-university
http://www.wikidata.org/entity/Q279724,university-tromso-arctic-university-norway
http://www.wikidata.org/entity/Q314536,norwegian-university-science-technology
http://www.wikidata.org/entity/Q309948,ruhr-universitat-bochum
http://www.wikidata.org/entity/Q316595,whu-otto-beisheim-school-management
http://www.wikidata.org/entity/Q348402,adam-mickiewicz-university-poznan
http://www.wikidata.org/entity/Q333886,georgetown-university
http://www.wikidata.org/entity/Q333705,technion-israel-institute-technology
http://www.wikidata.org/entity/Q368329,khon-kaen-university
http://www.wikidata.org/entity/Q377757,rhodes-university
http://www.wikidata.org/entity/Q427677,al-farabi-kazakh-national-university
http://www.wikidata.org/entity/Q411895,riga-technical-university
http://www.wikidata.org/entity/Q458393,durham-university
http://www.wikidata.org/entity/Q491717,university-ulsan
http://www.wikidata.org/entity/Q501758,university-florida
http://www.wikidata.org/entity/Q568554,universite-de-caen-basse-normandie
http://www.wikidata.org/entity/Q579321,dalhousie-university
http://www.wikidata.org/entity/Q608338,university-bucharest
http://www.wikidata.org/entity/Q617433,syracuse-university
http://www.wikidata.org/entity/Q610253,university-jordan
http://www.wikidata.org/entity/Q640652,university-oklahoma
http://www.wikidata.org/entity/Q645663,university-pisa
http://www.wikidata.org/entity/Q682739,johannes-kepler-university-linz
http://www.wikidata.org/entity/Q700758,universitat-des-saarlandes
http://www.wikidata.org/entity/Q757391,central-european-university
http://www.wikidata.org/entity/Q734764,university-new-south-wales-unsw-sydney
http://www.wikidata.org/entity/Q784171,universidad-nacional-de-la-plata-unlp
http://www.wikidata.org/entity/Q766145,university-oregon
http://www.wikidata.org/entity/Q806116,banaras-hindu-university
http://www.wikidata.org/entity/Q833670,ku-leuven
http://www.wikidata.org/entity/Q837657,universitatea-de-vest-din-timisoara-west-university-timisoara
http://www.wikidata.org/entity/Q861904,bilkent-university
http://www.wikidata.org/entity/Q841775,taylors-university
http://www.wikidata.org/entity/Q865528,university-warwick
http://www.wikidata.org/entity/Q896267,bogazici-universitesi
http://www.wikidata.org/entity/Q875788,universitat-innsbruck
http://www.wikidata.org/entity/Q920456,karaganda-state-university-named-after-academician-eabuketov
http://www.wikidata.org/entity/Q913861,san-diego-state-university
http://www.wikidata.org/entity/Q961982,universidad-austral-de-chile
http://www.wikidata.org/entity/Q972553,universidad-autonoma-metropolitana-uam
http://www.wikidata.org/entity/Q963530,university-stirling
http://www.wikidata.org/entity/Q1024426,university-south-carolina
http://www.wikidata.org/entity/Q1048851,katz-school-yeshiva-university
http://www.wikidata.org/entity/Q1053303,universidad-industrial-de-santander-uis
http://www.wikidata.org/entity/Q1061104,university-california-san-francisco
http://www.wikidata.org/entity/Q1047293,university-california-santa-cruz
http://www.wikidata.org/entity/Q43452,universitat-autonoma-de-barcelona
http://www.wikidata.org/entity/Q46210,university-milan
http://www.wikidata.org/entity/Q84151,taras-shevchenko-national-university-kyiv
http://www.wikidata.org/entity/Q122453,universitat-stuttgart
http://www.wikidata.org/entity/Q127990,australian-national-university
http://www.wikidata.org/entity/Q129421,university-california-davis
http://www.wikidata.org/entity/Q156725,universitat-hamburg
http://www.wikidata.org/entity/Q161976,julius-maximilians-universitat-wurzburg
http://www.wikidata.org/entity/Q194223,universidad-de-buenos-aires-uba
http://www.wikidata.org/entity/Q193510,universita-di-padova
http://www.wikidata.org/entity/Q200601,pontificia-universidad-catolica-del-peru
http://www.wikidata.org/entity/Q232141,universidad-de-chile
http://www.wikidata.org/entity/Q230492,university-michigan
http://www.wikidata.org/entity/Q246534,assiut-university
http://www.wikidata.org/entity/Q262663,university-san-diego
http://www.wikidata.org/entity/Q289348,london-south-bank-university
http://www.wikidata.org/entity/Q280247,universidade-federal-fluminense
http://www.wikidata.org/entity/Q309988,kit-karlsruhe-institute-technology
http://www.wikidata.org/entity/Q310842,mustansiriyah-university
http://www.wikidata.org/entity/Q310695,technische-universitat-darmstadt
http://www.wikidata.org/entity/Q391028,university-british-columbia
http://www.wikidata.org/entity/Q469482,american-university-beirut-aub
http://www.wikidata.org/entity/Q487804,dongguk-university
http://www.wikidata.org/entity/Q488851,inha-university
http://www.wikidata.org/entity/Q496536,kyung-hee-university
http://www.wikidata.org/entity/Q491711,sejong-university
http://www.wikidata.org/entity/Q492318,university-alabama
http://www.wikidata.org/entity/Q499510,university-liverpool
http://www.wikidata.org/entity/Q538452,babes-bolyai-university
http://www.wikidata.org/entity/Q603034,drexel-university
http://www.wikidata.org/entity/Q609586,shahid-beheshti-university-sbu
http://www.wikidata.org/entity/Q611995,universidad-adolfo-ibanez
http://www.wikidata.org/entity/Q604444,university-pretoria
http://www.wikidata.org/entity/Q612665,vrije-universiteit-brussel-vub
http://www.wikidata.org/entity/Q649868,hunan-university
http://www.wikidata.org/entity/Q651233,osaka-university
http://www.wikidata.org/entity/Q657222,stevens-institute-technology
http://www.wikidata.org/entity/Q681025,university-buffalo-suny
http://www.wikidata.org/entity/Q690912,university-hohenheim
http://www.wikidata.org/entity/Q706708,national-cheng-kung-university-ncku
http://www.wikidata.org/entity/Q712849,national-chengchi-university
http://www.wikidata.org/entity/Q701818,taipei-medical-university-tmu
http://www.wikidata.org/entity/Q737332,ben-gurion-university-negev
http://www.wikidata.org/entity/Q741082,macquarie-university
http://www.wikidata.org/entity/Q812573,baylor-university
http://www.wikidata.org/entity/Q788091,universidad-autonoma-de-madrid
http://www.wikidata.org/entity/Q820887,university-florence
http://www.wikidata.org/entity/Q836805,chalmers-university-technology
http://www.wikidata.org/entity/Q835960,universidade-de-sao-paulo
http://www.wikidata.org/entity/Q866012,university-queensland
http://www.wikidata.org/entity/Q931642,cracow-university-technology
http://www.wikidata.org/entity/Q951305,university-cape-town
http://www.wikidata.org/entity/Q943759,vietnam-national-university-ho-chi-minh-city-vnu-hcm
http://www.wikidata.org/entity/Q963709,tokai-university
http://www.wikidata.org/entity/Q967165,university-york
http://www.wikidata.org/entity/Q981237,xian-jiaotong-university
http://www.wikidata.org/entity/Q1057199,hokkaido-university
http://www.wikidata.org/entity/Q1061504,stockholm-school-economics
http://www.wikidata.org/entity/Q1031803,university-rome-tor-vergata
http://www.wikidata.org/entity/Q1067471,university-calgary
http://www.wikidata.org/entity/Q1124657,bar-ilan-university
http://www.wikidata.org/entity/Q1132346,north-carolina-state-university
http://www.wikidata.org/entity/Q1164068,national-technical-university-kharkiv-polytechnic-institute
http://www.wikidata.org/entity/Q1152391,ochanomizu-university
http://www.wikidata.org/entity/Q1144565,umea-university
http://www.wikidata.org/entity/Q1259453,universidad-de-santiago-de-chile-usach
http://www.wikidata.org/entity/Q1232428,universidad-del-pais-vasco
http://www.wikidata.org/entity/Q1269766,technical-university-denmark
http://www.wikidata.org/entity/Q1321803,chiba-university
http://www.wikidata.org/entity/Q1343885,instituto-tecnologico-y-de-estudios-superiores-de-monterrey
http://www.wikidata.org/entity/Q1334582,universite-de-liege
http://www.wikidata.org/entity/Q1350021,university-wollongong
http://www.wikidata.org/entity/Q1424632,alexandria-university
http://www.wikidata.org/entity/Q1463036,king-abdullah-university-science-technology
http://www.wikidata.org/entity/Q1458579,universiti-putra-malaysia-upm
http://www.wikidata.org/entity/Q1468161,university-colorado-denver
http://www.wikidata.org/entity/Q1465448,university-politehnica-bucharest
http://www.wikidata.org/entity/Q1432632,university-reading
http://www.wikidata.org/entity/Q1481050,london-business-school
http://www.wikidata.org/entity/Q1513804,satbayev-university
http://www.wikidata.org/entity/Q1480643,universite-paris-sud
http://www.wikidata.org/entity/Q1514848,university-saskatchewan
http://www.wikidata.org/entity/Q1567050,hacettepe-university
http://www.wikidata.org/entity/Q1524992,international-islamic-university-malaysia-iium
http://www.wikidata.org/entity/Q1529514,notre-dame-university
http://www.wikidata.org/entity/Q1563050,university-macau
http://www.wikidata.org/entity/Q1574185,university-college-cork
http://www.wikidata.org/entity/Q1661243,indian-institute-technology-kharagpur-iit-kgp
http://www.wikidata.org/entity/Q1781394,university-texas-dallas
http://www.wikidata.org/entity/Q1751060,university-trieste
http://www.wikidata.org/entity/Q1817137,unesp
http://www.wikidata.org/entity/Q1856423,universidad-de-la-republica-udelar
http://www.wikidata.org/entity/Q1959511,national-research-university-higher-school-economics-hse-university
http://www.wikidata.org/entity/Q2000129,university-hawaii-manoa
http://www.wikidata.org/entity/Q2047109,quaid-i-azam-university
http://www.wikidata.org/entity/Q2096604,sharif-university-technology
http://www.wikidata.org/entity/Q2140369,lodz-university-technology
http://www.wikidata.org/entity/Q2212976,saint-marys-university-minnesota
http://www.wikidata.org/entity/Q2912244,universit-paul-valery-montpellier-3
http://www.wikidata.org/entity/Q3070702,king-faisal-university
http://www.wikidata.org/entity/Q1068258,university-college-dublin
http://www.wikidata.org/entity/Q1068072,university-delaware
http://www.wikidata.org/entity/Q1145497,curtin-university
http://www.wikidata.org/entity/Q1142924,universiti-malaya-um
http://www.wikidata.org/entity/Q1192597,kobe-university
http://www.wikidata.org/entity/Q1190812,university-new-mexico
http://www.wikidata.org/entity/Q1187444,university-pecs
http://www.wikidata.org/entity/Q1202292,griffith-university
http://www.wikidata.org/entity/Q1193547,tulane-university
http://www.wikidata.org/entity/Q1236136,university-bari
http://www.wikidata.org/entity/Q1247135,universidad-carlos-iii-de-madrid-uc3m
http://www.wikidata.org/entity/Q1333303,hong-kong-university-science-technology
http://www.wikidata.org/entity/Q1330634,universidade-de-brasilia
http://www.wikidata.org/entity/Q1324082,university-balamand
http://www.wikidata.org/entity/Q1348615,tuit-tashkent-university-information-technologies-named-after-muhammad-al-khwarizmi
http://www.wikidata.org/entity/Q1375986,gifu-university
http://www.wikidata.org/entity/Q1474656,athens-university-economics-business
http://www.wikidata.org/entity/Q1472245,bauman-moscow-state-technical-university
http://www.wikidata.org/entity/Q1523902,alexandru-ioan-cuza-university
http://www.wikidata.org/entity/Q1544739,united-arab-emirates-university
http://www.wikidata.org/entity/Q1569421,universidad-de-los-andes
http://www.wikidata.org/entity/Q1610024,heriot-watt-university
http://www.wikidata.org/entity/Q1637997,novosibirsk-state-university
http://www.wikidata.org/entity/Q1734762,kazakh-british-technical-university
http://www.wikidata.org/entity/Q1752043,king-saud-university
http://www.wikidata.org/entity/Q1780816,university-albany-suny
http://www.wikidata.org/entity/Q1781263,university-brescia
http://www.wikidata.org/entity/Q1758009,university-gdansk
http://www.wikidata.org/entity/Q1745633,university-hertfordshire
http://www.wikidata.org/entity/Q1895354,memorial-university-newfoundland
http://www.wikidata.org/entity/Q1961570,university-engineering-technology-uet-lahore
http://www.wikidata.org/entity/Q1998811,north-west-university
http://www.wikidata.org/entity/Q2065769,university-windsor
http://www.wikidata.org/entity/Q2075365,universidad-de-puerto-rico
http://www.wikidata.org/entity/Q2302586,aix-marseille-university
http://www.wikidata.org/entity/Q2302473,university-crete
http://www.wikidata.org/entity/Q2495713,universidad-san-francisco-de-quito-usfq
http://www.wikidata.org/entity/Q2744209,university-portsmouth
http://www.wikidata.org/entity/Q2829294,al-akhawayn-university-ifrane
http://www.wikidata.org/entity/Q3068593,instituto-tecnologico-de-buenos-aires-itba
http://www.wikidata.org/entity/Q3117949,universidad-del-valle
http://www.wikidata.org/entity/Q3273657,kuwait-university
http://www.wikidata.org/entity/Q3577891,em-normandie-business-school
http://www.wikidata.org/entity/Q273642,essec-business-school
http://www.wikidata.org/entity/Q4115110,iran-university-science-technology
http://www.wikidata.org/entity/Q4748684,amrita-vishwa-vidyapeetham-amrita-university
http://www.wikidata.org/entity/Q4767563,anna-university
http://www.wikidata.org/entity/Q4806765,asian-university-women
http://www.wikidata.org/entity/Q49110,boston-university
http://www.wikidata.org/entity/Q5440482,universidade-federal-de-sao-carlos-ufscar
http://www.wikidata.org/entity/Q5971900,university-electronic-science-technology-china
http://www.wikidata.org/entity/Q6411791,king-khalid-university
http://www.wikidata.org/entity/Q6979260,universidad-nacional-de-mar-del-plata
http://www.wikidata.org/entity/Q7395882,sabanci-university
http://www.wikidata.org/entity/Q7864125,ucsi-university
http://www.wikidata.org/entity/Q7887878,united-international-university
http://www.wikidata.org/entity/Q7894286,universidad-metropolitana
http://www.wikidata.org/entity/Q8067559,zayed-university
http://www.wikidata.org/entity/Q10387830,universidade-federal-do-espirito-santo
http://www.wikidata.org/entity/Q21574120,samara-national-research-university-samara-university
http://www.wikidata.org/entity/Q11942,eth-zurich-swiss-federal-institute-technology
http://www.wikidata.org/entity/Q16952,peking-university
http://www.wikidata.org/entity/Q24382,bielefeld-university
http://www.wikidata.org/entity/Q31249,kansas-state-university
http://www.wikidata.org/entity/Q41790,chung-ang-university-cau
http://www.wikidata.org/entity/Q49088,columbia-university
http://www.wikidata.org/entity/Q41765,konkuk-university
http://www.wikidata.org/entity/Q39997,korea-university
http://www.wikidata.org/entity/Q46492,meiji-university
http://www.wikidata.org/entity/Q49211,rensselaer-polytechnic-institute
http://www.wikidata.org/entity/Q49120,tufts-university
http://www.wikidata.org/entity/Q50662,universitat-frankfurt-am-main
http://www.wikidata.org/entity/Q55044,ludwig-maximilians-universitat-munchen
http://www.wikidata.org/entity/Q55038,universitat-der-kunste-berlin
http://www.wikidata.org/entity/Q52413,university-kansas
http://www.wikidata.org/entity/Q113788,kazan-volga-region-federal-university
http://www.wikidata.org/entity/Q152171,rheinische-friedrich-wilhelms-universitat-bonn
http://www.wikidata.org/entity/Q137503,university-lodz
http://www.wikidata.org/entity/Q153987,albert-ludwigs-universitaet-freiburg
http://www.wikidata.org/entity/Q153265,university-cincinnati
http://www.wikidata.org/entity/Q160302,university-edinburgh
http://www.wikidata.org/entity/Q189441,jagiellonian-university
http://www.wikidata.org/entity/Q178972,sun-yat-sen-university
http://www.wikidata.org/entity/Q193727,johns-hopkins-university
http://www.wikidata.org/entity/Q201603,simon-fraser-university
http://www.wikidata.org/entity/Q197543,zhejiang-university
http://www.wikidata.org/entity/Q229022,universita-cattolica-del-sacro-cuore
http://www.wikidata.org/entity/Q214341,university-amsterdam
http://www.wikidata.org/entity/Q223429,university-birmingham
http://www.wikidata.org/entity/Q213439,university-virginia
http://www.wikidata.org/entity/Q254204,nankai-university
http://www.wikidata.org/entity/Q238101,university-minnesota
http://www.wikidata.org/entity/Q273604,ecole-normale-superieure-de-cachan
http://www.wikidata.org/entity/Q274486,waseda-university
http://www.wikidata.org/entity/Q322964,moscow-state-institute-international-relations-mgimo-university
http://www.wikidata.org/entity/Q375606,birkbeck-university-london
http://www.wikidata.org/entity/Q374457,sogang-university
http://www.wikidata.org/entity/Q383568,universitat-de-valencia
http://www.wikidata.org/entity/Q392189,universite-de-montreal
http://www.wikidata.org/entity/Q406402,university-mumbai
http://www.wikidata.org/entity/Q3117571,montpellier-business-school
http://www.wikidata.org/entity/Q3135913,savitribai-phule-pune-university
http://www.wikidata.org/entity/Q3366382,indian-institute-technology-roorkee-iitr
http://www.wikidata.org/entity/Q3716653,al-imam-mohammad-ibn-saud-islamic-university
http://www.wikidata.org/entity/Q3790133,universidade-federal-de-santa-maria
http://www.wikidata.org/entity/Q4213691,karaganda-state-technical-university
http://www.wikidata.org/entity/Q4208096,kazakh-national-agrarian-university
http://www.wikidata.org/entity/Q4836325,brac-university
http://www.wikidata.org/entity/Q6978828,national-taipei-university-technology
http://www.wikidata.org/entity/Q7566809,south-china-agricultural-university
http://www.wikidata.org/entity/Q7894343,universidad-del-norte
http://www.wikidata.org/entity/Q13139758,lahore-university-management-sciences-lums
http://www.wikidata.org/entity/Q19203245,centralesupelec
http://www.wikidata.org/entity/Q1377,university-ljubljana
http://www.wikidata.org/entity/Q4182,weizmann-institute-science
http://www.wikidata.org/entity/Q15575,flinders-university
http://www.wikidata.org/entity/Q12432,michigan-technological-university
http://www.wikidata.org/entity/Q15142,university-massachusetts-amherst
http://www.wikidata.org/entity/Q15144,university-massachusetts-boston
http://www.wikidata.org/entity/Q23101,beijing-institute-technology
http://www.wikidata.org/entity/Q31519,charles-university
http://www.wikidata.org/entity/Q27265,paris-lodron-university-salzburg
http://www.wikidata.org/entity/Q21578,princeton-university
http://www.wikidata.org/entity/Q29671,university-aveiro
http://www.wikidata.org/entity/Q34433,university-oxford
http://www.wikidata.org/entity/Q49207,university-new-hampshire
http://www.wikidata.org/entity/Q130965,fordham-university
http://www.wikidata.org/entity/Q143451,university-central-florida
http://www.wikidata.org/entity/Q131252,university-chicago
http://www.wikidata.org/entity/Q149990,university-rochester
http://www.wikidata.org/entity/Q153978,eberhard-karls-universitat-tubingen
http://www.wikidata.org/entity/Q168515,university-utah
http://www.wikidata.org/entity/Q174158,hebrew-university-jerusalem
http://www.wikidata.org/entity/Q174710,university-california-los-angeles-ucla
http://www.wikidata.org/entity/Q196544,aligarh-muslim-university-amu-aligarh
http://www.wikidata.org/entity/Q192964,istanbul-university
http://www.wikidata.org/entity/Q195668,queen-mary-university-london
http://www.wikidata.org/entity/Q219694,complutense-university-madrid
http://www.wikidata.org/entity/Q219564,karolinska-institutet
http://www.wikidata.org/entity/Q230899,university-manchester
http://www.wikidata.org/entity/Q240631,university-belgrade
http://www.wikidata.org/entity/Q257655,china-agricultural-university
http://www.wikidata.org/entity/Q280824,eindhoven-university-technology
http://www.wikidata.org/entity/Q273642,essec-asia-pacific
http://www.wikidata.org/entity/Q265866,universidad-nacional-del-litoral
http://www.wikidata.org/entity/Q300980,aalto-university
http://www.wikidata.org/entity/Q326282,universite-du-quebec
http://www.wikidata.org/entity/Q335924,kagoshima-university
http://www.wikidata.org/entity/Q336264,kyoto-university
http://www.wikidata.org/entity/Q372608,university-basel
http://www.wikidata.org/entity/Q414245,agh-university-science-technology
http://www.wikidata.org/entity/Q400422,national-research-saratov-state-university
http://www.wikidata.org/entity/Q392904,politecnico-di-milano
http://www.wikidata.org/entity/Q432475,university-canterbury
http://www.wikidata.org/entity/Q457793,universidad-tecnica-federico-santa-maria-usm
http://www.wikidata.org/entity/Q457281,university-illinois-urbana-champaign
http://www.wikidata.org/entity/Q491082,ajou-university
http://www.wikidata.org/entity/Q491127,dankook-university
http://www.wikidata.org/entity/Q495015,fudan-university
http://www.wikidata.org/entity/Q500692,universitat-bremen
http://www.wikidata.org/entity/Q503419,university-arizona
http://www.wikidata.org/entity/Q503473,university-geneva
http://www.wikidata.org/entity/Q503415,university-maryland-college-park
http://www.wikidata.org/entity/Q486156,university-oslo
http://www.wikidata.org/entity/Q522109,wroclaw-university-science-technology-wrust
http://www.wikidata.org/entity/Q550376,university-baghdad
http://www.wikidata.org/entity/Q587326,tokyo-institute-technology
http://www.wikidata.org/entity/Q574571,universitat-regensburg
http://www.wikidata.org/entity/Q601956,aalborg-university
http://www.wikidata.org/entity/Q603686,hong-kong-baptist-university
http://www.wikidata.org/entity/Q598841,monash-university
http://www.wikidata.org/entity/Q615154,university-silesia
http://www.wikidata.org/entity/Q597236,washington-state-university
http://www.wikidata.org/entity/Q627969,university-ottawa
http://www.wikidata.org/entity/Q658192,vilnius-university
http://www.wikidata.org/entity/Q703620,copenhagen-business-school
http://www.wikidata.org/entity/Q689462,universidad-iberoamericana-ibero
http://www.wikidata.org/entity/Q727516,university-kwazulu-natal
http://www.wikidata.org/entity/Q750066,aston-university
http://www.wikidata.org/entity/Q766447,universidade-federal-do-rio-grande-do-sul
http://www.wikidata.org/entity/Q787234,swinburne-university-technology
http://www.wikidata.org/entity/Q823917,university-sheffield
http://www.wikidata.org/entity/Q834857,chongqing-university
http://www.wikidata.org/entity/Q861888,oregon-state-university
http://www.wikidata.org/entity/Q837320,universidad-de-la-habana
http://www.wikidata.org/entity/Q850730,university-groningen
http://www.wikidata.org/entity/Q892188,bond-university
http://www.wikidata.org/entity/Q875637,college-william-mary
http://www.wikidata.org/entity/Q903092,university-debrecen
http://www.wikidata.org/entity/Q950609,singapore-management-university
http://www.wikidata.org/entity/Q955764,university-illinois-chicago-uic
http://www.wikidata.org/entity/Q1053985,central-queensland-university
http://www.wikidata.org/entity/Q1071609,chiang-mai-university
http://www.wikidata.org/entity/Q1069994,tokyo-university-science
http://www.wikidata.org/entity/Q1045828,university-east-anglia-uea
http://www.wikidata.org/entity/Q1063665,university-economics-prague
http://www.wikidata.org/entity/Q1048898,university-vermont
http://www.wikidata.org/entity/Q1065414,vrije-universiteit-amsterdam
http://www.wikidata.org/entity/Q1095773,clark-university
http://www.wikidata.org/entity/Q1134606,massey-university
http://www.wikidata.org/entity/Q432637,george-washington-university
http://www.wikidata.org/entity/Q475700,university-western-cape
http://www.wikidata.org/entity/Q494681,chonnam-national-university
http://www.wikidata.org/entity/Q489488,chungnam-national-university
http://www.wikidata.org/entity/Q487841,kyungpook-national-university
http://www.wikidata.org/entity/Q499911,university-turin
http://www.wikidata.org/entity/Q533235,ateneo-de-manila-university
http://www.wikidata.org/entity/Q540672,auburn-university
http://www.wikidata.org/entity/Q569460,hochschule-fur-musik-hanns-eisler-berlin
http://www.wikidata.org/entity/Q574606,universite-libre-de-bruxelles
http://www.wikidata.org/entity/Q569243,universiti-brunei-darussalam-ubd
http://www.wikidata.org/entity/Q579968,university-missouri-columbia
http://www.wikidata.org/entity/Q604629,bi-norwegian-business-school
http://www.wikidata.org/entity/Q590201,universite-toulouse-1-capitole
http://www.wikidata.org/entity/Q622906,universite-de-technologie-de-compiegne-utc
http://www.wikidata.org/entity/Q622664,university-california-san-diego-ucsd
http://www.wikidata.org/entity/Q630226,university-pacific
http://www.wikidata.org/entity/Q667568,aristotle-university-thessaloniki
http://www.wikidata.org/entity/Q659080,university-bern
http://www.wikidata.org/entity/Q665105,university-delhi
http://www.wikidata.org/entity/Q690639,alpen-adria-universitaet-klagenfurt
http://www.wikidata.org/entity/Q706712,national-taiwan-normal-university
http://www.wikidata.org/entity/Q696757,universitat-duisburg-essen
http://www.wikidata.org/entity/Q720953,university-colombo
http://www.wikidata.org/entity/Q734324,technische-universitat-braunschweig
http://www.wikidata.org/entity/Q735049,university-maryland-baltimore-county
http://www.wikidata.org/entity/Q782682,indian-institute-technology-kanpur-iitk
http://www.wikidata.org/entity/Q777403,washington-university-st-louis
http://www.wikidata.org/entity/Q795988,university-guelph
http://www.wikidata.org/entity/Q835366,south-china-university-technology
http://www.wikidata.org/entity/Q838330,university-wisconsin-madison
http://www.wikidata.org/entity/Q849751,york-university
http://www.wikidata.org/entity/Q930528,university-trento
http://www.wikidata.org/entity/Q959524,bocconi-university
http://www.wikidata.org/entity/Q954035,university-bradford
http://www.wikidata.org/entity/Q973767,pontificia-universidad-catolica-argentina
http://www.wikidata.org/entity/Q1026932,california-state-university-los-angeles
http://www.wikidata.org/entity/Q1069423,kyoto-institute-technology
http://www.wikidata.org/entity/Q1067916,okayama-university
http://www.wikidata.org/entity/Q1070333,university-arkansas
http://www.wikidata.org/entity/Q1049470,university-waterloo
http://www.wikidata.org/entity/Q1074117,renmin-peoples-university-china
http://www.wikidata.org/entity/Q1137665,ghent-university
http://www.wikidata.org/entity/Q1136919,iowa-state-university
http://www.wikidata.org/entity/Q1180978,deakin-university
http://www.wikidata.org/entity/Q1147063,jawaharlal-nehru-university
http://www.wikidata.org/entity/Q1149777,nagoya-institute-technology-nit
http://www.wikidata.org/entity/Q1152190,ritsumeikan-university
http://www.wikidata.org/entity/Q1192619,yokohama-national-university
http://www.wikidata.org/entity/Q1273188,universite-paul-sabatier-toulouse-iii
http://www.wikidata.org/entity/Q1275285,ecole-de-management-strasbourg
http://www.wikidata.org/entity/Q1278780,southern-cross-university
http://www.wikidata.org/entity/Q1379834,peter-great-saint-petersburg-polytechnic-university
http://www.wikidata.org/entity/Q1414861,university-exeter
http://www.wikidata.org/entity/Q1423677,university-sunshine-coast
http://www.wikidata.org/entity/Q1473615,kent-state-university
http://www.wikidata.org/entity/Q1466666,national-research-tomsk-polytechnic-university
http://www.wikidata.org/entity/Q1480421,university-dhaka
http://www.wikidata.org/entity/Q1458113,university-victoria
http://www.wikidata.org/entity/Q1494353,airlangga-university
http://www.wikidata.org/entity/Q1514597,universidad-de-las-americas-puebla-udlap
http://www.wikidata.org/entity/Q1510516,university-science-technology-beijing
http://www.wikidata.org/entity/Q1506552,ural-federal-university-urfu
http://www.wikidata.org/entity/Q1539696,instituto-politecnico-nacional-ipn
http://www.wikidata.org/entity/Q1549932,university-punjab
http://www.wikidata.org/entity/Q1633859,institut-national-des-sciences-appliquees-de-lyon-insa
http://www.wikidata.org/entity/Q1711196,huazhong-university-science-technology
http://www.wikidata.org/entity/Q1742161,university-mons
http://www.wikidata.org/entity/Q1777988,south-ural-state-university-national-research-university
http://www.wikidata.org/entity/Q1756541,vytautas-magnus-university
http://www.wikidata.org/entity/Q1869028,london-metropolitan-university
http://www.wikidata.org/entity/Q1851075,universidade-federal-de-santa-catarina
http://www.wikidata.org/entity/Q1933558,universite-de-toulouse-ii-le-mirail
http://www.wikidata.org/entity/Q2096524,ulster-university
http://www.wikidata.org/entity/Q2297486,universita-degli-studi-roma-tre
http://www.wikidata.org/entity/Q2503809,kingston-university-london
http://www.wikidata.org/entity/Q2531629,verona-university
http://www.wikidata.org/entity/Q2919325,jordan-university-science-technology
http://www.wikidata.org/entity/Q3518863,indian-institute-technology-guwahati-iitg
http://www.wikidata.org/entity/Q3551328,universidad-de-talca
http://www.wikidata.org/entity/Q3551621,universite-de-lille
http://www.wikidata.org/entity/Q3732873,escuela-superior-politecnica-del-litoral-espol
http://www.wikidata.org/entity/Q3997314,universidad-eafit
http://www.wikidata.org/entity/Q4095278,manipal-academy-higher-education
http://www.wikidata.org/entity/Q4115992,american-university-sharjah
http://www.wikidata.org/entity/Q6156516,ulacit-universidad-latinoamericana-de-ciencia-y-tecnologia-costa-rica
http://www.wikidata.org/entity/Q7382780,rutgers-state-university-new-jersey-newark
http://www.wikidata.org/entity/Q7452397,institute-technology-sepuluh-nopember
http://www.wikidata.org/entity/Q7710683,thapar-institute-engineering-technology-deemed-be-university
http://www.wikidata.org/entity/Q7895319,imam-abdulrahman-bin-faisal-university-iau-formerly-university-dammam
http://www.wikidata.org/entity/Q7894232,universidad-anahuac
http://www.wikidata.org/entity/Q7894438,universiti-tunku-abdul-rahman-utar
http://www.wikidata.org/entity/Q17372833,tashkent-institute-irrigation-agricultural-mechanization-engineers-tiiame
http://www.wikidata.org/entity/Q152838,university-gottingen
http://www.wikidata.org/entity/Q10159,ecole-normale-superieure-de-lyon
http://www.wikidata.org/entity/Q7842,university-tokyo
http://www.wikidata.org/entity/Q25864,universidad-politecnica-de-madrid
http://www.wikidata.org/entity/Q40025,friedrich-alexander-universitat-erlangen-nurnberg
http://www.wikidata.org/entity/Q40006,hanyang-university
http://www.wikidata.org/entity/Q43406,national-tsing-hua-university
http://www.wikidata.org/entity/Q1141452,western-sydney-university
http://www.wikidata.org/entity/Q1148782,kumamoto-university
http://www.wikidata.org/entity/Q1145731,university-technology-sydney
http://www.wikidata.org/entity/Q1191132,nagoya-university
http://www.wikidata.org/entity/Q1249005,university-dundee
http://www.wikidata.org/entity/Q1243705,university-modena-reggio-emilia
http://www.wikidata.org/entity/Q1310333,holy-spirit-university-kaslik
http://www.wikidata.org/entity/Q1336952,university-brawijaya
http://www.wikidata.org/entity/Q1333399,university-leicester
http://www.wikidata.org/entity/Q1326975,university-wyoming
http://www.wikidata.org/entity/Q1411222,george-mason-university
http://www.wikidata.org/entity/Q1432030,jilin-university
http://www.wikidata.org/entity/Q1420239,temple-university
http://www.wikidata.org/entity/Q1472358,university-houston
http://www.wikidata.org/entity/Q1474019,university-hull
http://www.wikidata.org/entity/Q1509333,georgia-state-university
http://www.wikidata.org/entity/Q1517478,pontificia-universidad-javeriana
http://www.wikidata.org/entity/Q1516684,university-kent
http://www.wikidata.org/entity/Q1579397,bandung-institute-technology-itb
http://www.wikidata.org/entity/Q1537436,pontificia-universidad-catolica-del-ecuador-puce
http://www.wikidata.org/entity/Q1546014,universidad-de-valparaiso-uv
http://www.wikidata.org/entity/Q1576899,universiti-teknologi-mara-uitm
http://www.wikidata.org/entity/Q1544881,university-tampere
http://www.wikidata.org/entity/Q1547084,university-twente
http://www.wikidata.org/entity/Q1604022,beijing-normal-university
http://www.wikidata.org/entity/Q1661242,indian-institute-technology-bombay-iitb
http://www.wikidata.org/entity/Q1665121,institut-polytechnique-de-grenoble-grenoble-institute-technology
http://www.wikidata.org/entity/Q1640731,universitat-politecnica-de-catalunya
http://www.wikidata.org/entity/Q1674548,beijing-university-technology
http://www.wikidata.org/entity/Q1734795,abai-kazakh-national-pedagogical-university
http://www.wikidata.org/entity/Q1723289,universiti-utara-malaysia-uum
http://www.wikidata.org/entity/Q1788342,robert-gordon-university
http://www.wikidata.org/entity/Q1808326,sultan-qaboos-university
http://www.wikidata.org/entity/Q1857773,university-central-lancashire
http://www.wikidata.org/entity/Q1848657,university-tulsa
http://www.wikidata.org/entity/Q2004114,plekhanov-russian-university-economics
http://www.wikidata.org/entity/Q2034790,east-china-normal-university
http://www.wikidata.org/entity/Q2031560,tianjin-university
http://www.wikidata.org/entity/Q2096395,universiti-teknologi-petronas-petronas
http://www.wikidata.org/entity/Q2303432,universidad-de-oviedo
http://www.wikidata.org/entity/Q2302336,university-montana-missoula
http://www.wikidata.org/entity/Q2303536,virginia-commonwealth-university
http://www.wikidata.org/entity/Q2496006,universite-de-cergy-pontoise
http://www.wikidata.org/entity/Q2655352,east-china-university-science-technology
http://www.wikidata.org/entity/Q2738622,university-salford
http://www.wikidata.org/entity/Q2840233,universidade-do-estado-do-rio-de-janeiro-uerj
http://www.wikidata.org/entity/Q3739702,kazakh-ablai-khan-university-international-relations-world-languages
http://www.wikidata.org/entity/Q3997334,universidad-del-rosario
http://www.wikidata.org/entity/Q4120419,university-kufa
http://www.wikidata.org/entity/Q4587760,beijing-jiaotong-university
http://www.wikidata.org/entity/Q4670157,abu-dhabi-university
http://www.wikidata.org/entity/Q5061828,central-south-university
http://www.wikidata.org/entity/Q5055311,universidad-peruana-cayetano-heredia-upch
http://www.wikidata.org/entity/Q5208319,daffodil-international-university
http://www.wikidata.org/entity/Q7056796,north-south-university
http://www.wikidata.org/entity/Q7422990,sarajevo-school-science-technology
http://www.wikidata.org/entity/Q7498066,shippensburg-university
http://www.wikidata.org/entity/Q7896294,university-sharjah
http://www.wikidata.org/entity/Q6017353,independent-university-bangladesh-iub
http://www.wikidata.org/entity/Q660856,islamic-university-technology
http://www.wikidata.org/entity/Q5329668,east-west-university
http://www.wikidata.org/entity/Q6402929,khulna-university-engineering-technology
http://www.wikidata.org/entity/Q4696357,ahsanullah-university-science-technology
http://www.wikidata.org/entity/Q3194784,american-international-university-bangladesh
http://www.wikidata.org/entity/Q13634029,dhaka-university-engineering-technology-gazipur
http://www.wikidata.org/entity/Q7286433,rajshahi-university-engineering-technology
http://www.wikidata.org/entity/Q4989145,chittagong-university-engineering-technology
http://www.wikidata.org/entity/Q29293,escp-business-school-paris
http://www.wikidata.org/entity/Q5695527,hebei-university-technology
http://www.wikidata.org/entity/Q3806225,jakarta-institute-arts
http://www.wikidata.org/entity/Q7458159,sewanee-university-south
