country,countryLabel,countryAltLabel
http://www.wikidata.org/entity/Q889,Afghanistan,"AFG, af, ğŸ‡¦ğŸ‡«"
http://www.wikidata.org/entity/Q222,Albania,"ALB, People's Republic of Albania, People's Socialist Republic of Albania, al, ğŸ‡¦ğŸ‡±, Republic of Albania, Republika e ShqipÃ«risÃ«, ShqipÃ«risÃ«, Republika Popullore e Shqiperise, Republika Popullore Socialiste e Shqiperise"
http://www.wikidata.org/entity/Q262,Algeria,"dz, Ç±, ALG, People's Democratic Republic of Algeria"
http://www.wikidata.org/entity/Q228,Andorra,"AND, ad, Principality of Andorra, Principality of the Valleys of Andorra, Principat d'Andorra"
http://www.wikidata.org/entity/Q916,Angola,"ANG, ao, ğŸ‡¦ğŸ‡´, Ngola, Republic of Angola"
http://www.wikidata.org/entity/Q781,Antigua and Barbuda,"ag, ANT, ğŸ‡¦ğŸ‡¬"
http://www.wikidata.org/entity/Q414,Argentina,"AR, ARG, ar, ğŸ‡¦ğŸ‡·, Argentine Republic, Republic of Argentina, Arjentina"
http://www.wikidata.org/entity/Q399,Armenia,"ARM, AM, Hayastan, Republic of Armenia, ğŸ‡¦ğŸ‡², Hayastani Hanrapetutâ€™yun"
http://www.wikidata.org/entity/Q408,Australia,"Oz, AU, au, AUS, Commonwealth of Australia, êœ¶, Aussieland, Straya"
http://www.wikidata.org/entity/Q40,Austria,"AT, AUT, at, aut, Ã–sterreich, Republic of Austria, Republik Ã–sterreich, ğŸ‡¦ğŸ‡¹"
http://www.wikidata.org/entity/Q227,Azerbaijan,"AZE, ğŸ‡¦ğŸ‡¿, az, AzÉ™rbaycan, Republic of Azerbaijan, AzÉ™rbaycan RespublikasÄ±"
http://www.wikidata.org/entity/Q398,Bahrain,"BAH, bh, ğŸ‡§ğŸ‡­, Kingdom of Bahrain"
http://www.wikidata.org/entity/Q902,Bangladesh,"BAN, bd, ğŸ‡§ğŸ‡©, People's Republic of Bangladesh"
http://www.wikidata.org/entity/Q244,Barbados,"BB, ğŸ‡§ğŸ‡§, BAR, bb"
http://www.wikidata.org/entity/Q184,Belarus,"BielaruÅ›, by, BLR, White Russia, ğŸ‡§ğŸ‡¾, White Ruthenia, Byelorussia, Belorussia, Bielorussia, Byeloruss, Republic of Belarus, Respublika Belarus', Respublika BielaruÅ›"
http://www.wikidata.org/entity/Q31,Belgium,"be, BE, ğŸ‡§ğŸ‡ª, BEL, Kingdom of Belgium, BelgiÃ«, Belgique, Belgien, KÃ¶nigreich Belgien, Koninkrijk BelgiÃ«, Royaume de Belgique"
http://www.wikidata.org/entity/Q242,Belize,bz
http://www.wikidata.org/entity/Q962,Benin,"BEN, Republic of Benin, Dahomey, ğŸ‡§ğŸ‡¯, bj"
http://www.wikidata.org/entity/Q917,Bhutan,"bt, BHU, ğŸ‡§ğŸ‡¹, Kingdom of Bhutan"
http://www.wikidata.org/entity/Q750,Bolivia,"BOL, bo, ğŸ‡§ğŸ‡´, bol, Bolivia (Plurinational State of), Plurinational State of Bolivia, Republic of Bolivia"
http://www.wikidata.org/entity/Q225,Bosnia and Herzegovina,"ba, B&H, Bosnia, BIH, ğŸ‡§ğŸ‡¦, BiH, Bosnia & Herzegovina, Bosnia-Herzegovina, Bosnia and Hercegovina"
http://www.wikidata.org/entity/Q963,Botswana,"BOT, ğŸ‡§ğŸ‡¼, bw, Lefatshe la Botswana, Republic of Botswana"
http://www.wikidata.org/entity/Q155,Brazil,"br, BR, ğŸ‡§ğŸ‡·, BRA, Brasil, Federative Republic of Brazil"
http://www.wikidata.org/entity/Q921,Brunei,"BRU, BRN, bn, ğŸ‡§ğŸ‡³, Brunei Darussalam, Nation of Brunei, the Abode of Peace, Negara Brunei Darussalam"
http://www.wikidata.org/entity/Q219,Bulgaria,"bg, BUL, ğŸ‡§ğŸ‡¬, BGR, Republic of Bulgaria, Country of Cois"
http://www.wikidata.org/entity/Q965,Burkina Faso,"bf, ğŸ‡§ğŸ‡«"
http://www.wikidata.org/entity/Q967,Burundi,"bi, ğŸ‡§ğŸ‡®, BDI, Gouvernement du Burundi, Republic of Burundi, Republika y'Uburundi"
http://www.wikidata.org/entity/Q424,Cambodia,"kh, Camboya, Kamboja, Kampuchea, Campuchia, Kambodzha, ğŸ‡°ğŸ‡­, Kingdom of Cambodia"
http://www.wikidata.org/entity/Q1009,Cameroon,"CAM, CM, CMR, ğŸ‡¨ğŸ‡², Republic of Cameroon"
http://www.wikidata.org/entity/Q16,Canada,"CA, CAN, British North America, Dominion of Canada"
http://www.wikidata.org/entity/Q1011,Cape Verde,"cv, CV, CPV, Cabo Verde, ğŸ‡¨ğŸ‡», Republic of Cabo Verde, Republic of Cape Verde"
http://www.wikidata.org/entity/Q929,Central African Republic,"CAF, CAR, Centrafrique, cf, ğŸ‡¨ğŸ‡«, KÃ¶dÃ¶rÃ¶sÃªse tÃ® BÃªafrÃ®ka, Republique centrafricaine, RÃ©publique centrafricaine"
http://www.wikidata.org/entity/Q657,Chad,"GUM, CHA, td, Republic of Chad, ğŸ‡¹ğŸ‡©"
http://www.wikidata.org/entity/Q5092177,Cherokee Nation,
http://www.wikidata.org/entity/Q298,Chile,"Republic of Chile, CHI, cl, ğŸ‡¨ğŸ‡±, Republica de Chile, RepÃºblica de Chile"
http://www.wikidata.org/entity/Q739,Colombia,"COL, CO, ğŸ‡¨ğŸ‡´, Republic of Colombia, RepÃºblica de Colombia, ColombiÃ¡, ISO 3166-1:CO, Republica de Colombia, The Republic of Colombia"
http://www.wikidata.org/entity/Q970,Comoros,"COM, km, ğŸ‡°ğŸ‡², al-Ittiá¸¥Äd al-QumurÄ«, Juzur al-Qamar, Juzur al-Qumur, Massiwa ya komori, ouvoimoja wakomori, the Comoros, Udzima wa Komori, Union des Comores, Union of the Comoros"
http://www.wikidata.org/entity/Q800,Costa Rica,"CRC, CRI, ğŸ‡¨ğŸ‡·, cr, Republic of Costa Rica"
http://www.wikidata.org/entity/Q18590086,County of Loano,
http://www.wikidata.org/entity/Q224,Croatia,"CRO, HRV, HR, Republic of Croatia"
http://www.wikidata.org/entity/Q241,Cuba,"cu, CUB, ğŸ‡¨ğŸ‡º, Republic of Cuba"
http://www.wikidata.org/entity/Q229,Cyprus,"ğŸ‡¨ğŸ‡¾, cy, Greek Administration of Southern Cyprus, Greek Cypriot State, Republic of Cyprus"
http://www.wikidata.org/entity/Q213,Czech Republic,"ÄŒeskÃ¡ republika, ÄŒesko, ÄŒR, cz, cze, CZE, Czechia, CZR"
http://www.wikidata.org/entity/Q974,Democratic Republic of the Congo,"Congo, cd, Zaire, D.R.C., COD, DRC, ğŸ‡¨ğŸ‡©, Congo (Kinshasa), Congo-Kinshasa, Dem. Rep. Congo, Dem. Republic of Congo, Dem. Republic of the Congo, Democratic Republic of Congo, DR Congo"
http://www.wikidata.org/entity/Q977,Djibouti,"DJI, Gabuuti, Jabuuti, dj, ğŸ‡©ğŸ‡¯, JÄ«bÅ«tÄ«, Republic of Djibouti"
http://www.wikidata.org/entity/Q784,Dominica,"dm, DMA, DOM, ğŸ‡©ğŸ‡², Commonwealth of Dominica, The Commonwealth of Dominica"
http://www.wikidata.org/entity/Q786,Dominican Republic,"RD, DR, ğŸ‡©ğŸ‡´, Republica Dominicana, RepÃºblica Dominicana"
http://www.wikidata.org/entity/Q170072,Dutch Republic,"United Provinces, Dutch Federation, Federated Dutch Provinces, Netherlands (1581â€“1795), Republic of the Seven United Netherlands, Republic of the Seven United Provinces, Republic of the United Netherlands, United Provinces of the Netherlands, Republic of the Netherlands"
http://www.wikidata.org/entity/Q574,East Timor,"TLS, ğŸ‡¹ğŸ‡±, Democratic Republic of East Timor, Democratic Republic of Timor-Leste, Timor Leste, Timor-Leste, tl"
http://www.wikidata.org/entity/Q736,Ecuador,"ECU, EC, ğŸ‡ªğŸ‡¨, ecu, ec, Republic of Ecuador, Republic of the Equator, The Ecuadorian State"
http://www.wikidata.org/entity/Q79,Egypt,"EGY, eg, Arab Rep. Egypt, Arab Republic of Egypt, ğŸ‡ªğŸ‡¬, Rep. Egypt, Republic of Egypt"
http://www.wikidata.org/entity/Q792,El Salvador,"Salvador, ESA, sv, Republic of El Salvador"
http://www.wikidata.org/entity/Q983,Equatorial Guinea,"GEQ, gq, ğŸ‡¬ğŸ‡¶, Republic of Equatorial Guinea"
http://www.wikidata.org/entity/Q986,Eritrea,"IRI, ERI, ğŸ‡ªğŸ‡·, er, ErtrÄ, IritriyÄ, State of Eritrea"
http://www.wikidata.org/entity/Q191,Estonia,"EST, Eesti, ee, Estland, ğŸ‡ªğŸ‡ª, Republic of Estonia, Eesti Vabariik"
http://www.wikidata.org/entity/Q1050,Eswatini,"SWZ, sz, Swaziland, ğŸ‡¸ğŸ‡¿, eSwatini, Kingdom of Eswatini, Kingdom of Swaziland, Umbuso weSwatini"
http://www.wikidata.org/entity/Q115,Ethiopia,"ETH, et, ğŸ‡ªğŸ‡¹, Federal Democratic Republic of Ethiopia"
http://www.wikidata.org/entity/Q702,Federated States of Micronesia,"FSM, fm, ğŸ‡«ğŸ‡², Fed. Sts. Micronesia, Fed. Sts. of Micronesia, Federated States of Micronesia, FSM, Micronesia"
http://www.wikidata.org/entity/Q712,Fiji,"fj, FIJ, ğŸ‡«ğŸ‡¯, Republic of Fiji, Republic of the Fiji Islands, Viti, FijÄ«, FijÄ« Gaá¹‡arÄjya, Matanitu Tugalala o Viti, à¤«à¤¼à¤¿à¤œà¥€, à¤«à¤¼à¤¿à¤œà¥€ à¤—à¤£à¤°à¤¾à¤œà¥à¤¯"
http://www.wikidata.org/entity/Q33,Finland,"Suomi, FIN, fi, ğŸ‡«ğŸ‡®, Finnia, Land of Thousand Lakes, Republic of Finland, Republiken Finland, Suomen tasavalta, Å uomi"
http://www.wikidata.org/entity/Q142,France,"La France, FRA, fr, FR, French Republic, Republic of France, RÃ©publique franÃ§aise, the Hexagon"
http://www.wikidata.org/entity/Q70802,French Third Republic,"France, French Republic, La IIIe Republique, La IIIe RÃ©publique, La Troisieme Republique, La TroisiÃ¨me RÃ©publique, Third Republic of France"
http://www.wikidata.org/entity/Q1000,Gabon,"ga, GAB, ğŸ‡¬ğŸ‡¦, Gabonese Republic, Republique Gabonaise, RÃ©publique Gabonaise"
http://www.wikidata.org/entity/Q230,Georgia,"Sakartvelo, GEO, Republic of Georgia, GE, ğŸ‡¬ğŸ‡ª, Georgia (country), áƒ¡áƒáƒ¥áƒáƒ áƒ—áƒ•áƒ”áƒšáƒ"
http://www.wikidata.org/entity/Q183,Germany,"BR Deutschland, BRD, Bundesrepublik Deutschland, de, DE, Deutschland, Federal Republic of Germany, GER, GFR"
http://www.wikidata.org/entity/Q117,Ghana,"gh, GHA, Republic of Ghana"
http://www.wikidata.org/entity/Q41,Greece,"el, Hellas, Greek, Hellenic Republic, gr, GRE, ğŸ‡¬ğŸ‡·, Ellada, Greek Republic"
http://www.wikidata.org/entity/Q769,Grenada,"gd, GRN, ğŸ‡¬ğŸ‡©"
http://www.wikidata.org/entity/Q774,Guatemala,"gt, GUA, ğŸ‡¬ğŸ‡¹, Republic of Guatemala"
http://www.wikidata.org/entity/Q1006,Guinea,"gn, ğŸ‡¬ğŸ‡³, GUI, Guinea-Conakry, Republic of Guinea, Republique de Guinee, RÃ©publique de GuinÃ©e"
http://www.wikidata.org/entity/Q1007,Guinea-Bissau,"GBS, gw, ğŸ‡¬ğŸ‡¼, Republic of Guinea-Bissau"
http://www.wikidata.org/entity/Q734,Guyana,"GUY, Co-operative Republic of Guyana, gy, ğŸ‡¬ğŸ‡¾, Republic of Guyana"
http://www.wikidata.org/entity/Q790,Haiti,"HT, Hayti, ht, HAI, Republic of Haiti, ğŸ‡­ğŸ‡¹, Ayiti, Haitian Republic, RÃ©publique d'HaÃ¯ti"
http://www.wikidata.org/entity/Q783,Honduras,"HON, hn, ğŸ‡­ğŸ‡³, Honduran Republic, Republic of Honduras"
http://www.wikidata.org/entity/Q28,Hungary,"HUN, ğŸ‡­ğŸ‡º, hu"
http://www.wikidata.org/entity/Q189,Iceland,"ISL, Island, is, ğŸ‡®ğŸ‡¸, Republic of Iceland"
http://www.wikidata.org/entity/Q668,India,"IND, Bharat, Bharatvarsh, Hindustan, IN, ğŸ‡®ğŸ‡³, Republic of India, Aryavart"
http://www.wikidata.org/entity/Q252,Indonesia,"INA, ID, id, IDN, Republic of Indonesia"
http://www.wikidata.org/entity/Q794,Iran,"Persia, ğŸ‡®ğŸ‡·, ir, Islamic Rep. Iran, Islamic Republic of Iran, irn"
http://www.wikidata.org/entity/Q796,Iraq,"IRQ, iq, al-â€˜IrÄq, ğŸ‡®ğŸ‡¶, JumhÅ«riyyat al-â€˜IrÄq, Komar-i â€˜ÃŠraq, Republic of Iraq"
http://www.wikidata.org/entity/Q801,Israel,"Holy Land, il, ğŸ‡®ğŸ‡±, ISR, State of Israel, the Jewish state"
http://www.wikidata.org/entity/Q38,Italy,"ITA, IT, ğŸ‡®ğŸ‡¹, Italia, Italian Republic, Repubblica Italiana, Republic of Italy"
http://www.wikidata.org/entity/Q1008,Ivory Coast,"CIV, ci, CÃ´te d'Ivoire, ğŸ‡¨ğŸ‡®, The Ivory Coast, Cote d'Ivoire, Cote d'lvoire, CÃ´te dâ€™Ivoire, Cote Ivoire, Cote-d'Ivoire, CÃ´te-d'Ivoire, Republic of Cote d'Ivoire, Republic of CÃ´te d'Ivoire, Republic of Ivory Coast, Republic of the Ivory Coast"
http://www.wikidata.org/entity/Q766,Jamaica,"JAM, JA, ğŸ‡¯ğŸ‡², Commonwealth of Jamaica, jm"
http://www.wikidata.org/entity/Q17,Japan,"Jap, JAP, JP, jp, JA, JPN, Ja, Land of the Rising Sun, Nippon, Nihon, Nihon-koku, Nippon-koku, State of Japan"
http://www.wikidata.org/entity/Q810,Jordan,"JO, JOR, Yarden, jo, ğŸ‡¯ğŸ‡´, Giordania, Hashemite Kingdom of Jordan, Kingdom of Jordan"
http://www.wikidata.org/entity/Q232,Kazakhstan,"KAZ, kz, ğŸ‡°ğŸ‡¿, Qazaqstan, Republic of Kazakhstan"
http://www.wikidata.org/entity/Q114,Kenya,"KE, KEN, ke, ğŸ‡°ğŸ‡ª, Republic of Kenya"
http://www.wikidata.org/entity/Q756617,Kingdom of Denmark,"Denmark, Kongeriget Danmark, Danish Realm, Realm of Denmark, Danmarkar RÃ­ki, Danmarkip Naalagaaffik, Danmarks Rige, KongsrÃ­ki Danmarkar, Kunngeqarfik Danmarki"
http://www.wikidata.org/entity/Q29999,Kingdom of the Netherlands,"NL, Netherlands, the Netherlands, ğŸ‡³ğŸ‡±"
http://www.wikidata.org/entity/Q710,Kiribati,"ki, KIR, ğŸ‡°ğŸ‡®, Republic of Kiribati"
http://www.wikidata.org/entity/Q817,Kuwait,"KUW, kw, ğŸ‡°ğŸ‡¼, State of Kuwait"
http://www.wikidata.org/entity/Q813,Kyrgyzstan,"kg, KGZ, ğŸ‡°ğŸ‡¬, Kirgizia, Kyrgyz Republic"
http://www.wikidata.org/entity/Q819,Laos,"la, ğŸ‡±ğŸ‡¦, LAO, Lao PDR, Lao People's Democratic Republic"
http://www.wikidata.org/entity/Q211,Latvia,"LAT, Latvija, LVA, lv, Latvian Republic, ğŸ‡±ğŸ‡», Republic of Latvia, Latveja, Latvejas Republika, Latvijas Republika, LeÅ£mĞ¾Ì„, LeÅ£mĞ¾Ì„ VabÄmĞ¾Ì„"
http://www.wikidata.org/entity/Q822,Lebanon,"lb, ğŸ‡±ğŸ‡§, LBN, Lebanese Republic, Republic of Lebanon"
http://www.wikidata.org/entity/Q1013,Lesotho,"LES, ls, ğŸ‡±ğŸ‡¸, Kingdom of Lesotho"
http://www.wikidata.org/entity/Q1014,Liberia,"LBR, lr, ğŸ‡±ğŸ‡·, Republic of Liberia"
http://www.wikidata.org/entity/Q1016,Libya,"LBA, ly, ğŸ‡±ğŸ‡¾, State of Libya"
http://www.wikidata.org/entity/Q347,Liechtenstein,"LI, FL, li, LIE, ğŸ‡±ğŸ‡®, Principality of Liechtenstein"
http://www.wikidata.org/entity/Q37,Lithuania,"LTU, LT, Lietuva, ğŸ‡±ğŸ‡¹, Republic of Lithuania, Lietuvos Respublika"
http://www.wikidata.org/entity/Q32,Luxembourg,"LU, LUX, Luxemburg, lu, ğŸ‡±ğŸ‡º, Grand Duchy of Luxembourg, LÃ«tzebuerg, Grand-DuchÃ© de Luxembourg, GroÃŸherzogtum Luxemburg, Groussherzogtum LÃ«tzebuerg"
http://www.wikidata.org/entity/Q1019,Madagascar,"MAD, mg, ğŸ‡²ğŸ‡¬, Republic of Madagascar"
http://www.wikidata.org/entity/Q1020,Malawi,"mw, MAW, ğŸ‡²ğŸ‡¼, Republic of Malawi"
http://www.wikidata.org/entity/Q833,Malaysia,"MYS, my, MAS, Federation of Malaysia, Malaysia Federation, ğŸ‡²ğŸ‡¾"
http://www.wikidata.org/entity/Q826,Maldives,"mv, MDV, ğŸ‡²ğŸ‡», Republic of Maldives"
http://www.wikidata.org/entity/Q912,Mali,"ml, ğŸ‡²ğŸ‡±, MLI, Republic of Mali"
http://www.wikidata.org/entity/Q233,Malta,"MLT, mt, ğŸ‡²ğŸ‡¹, Republic of Malta"
http://www.wikidata.org/entity/Q709,Marshall Islands,"MHL, mh, AolepÄn AorÅkin MÌ§ajeÄ¼, ğŸ‡²ğŸ‡­, Republic of the Marshall Islands"
http://www.wikidata.org/entity/Q1025,Mauritania,"MTN, mr, Agawej, Gannaar, GÃ nnaar, Islamic Republic of Mauritania, Moritani, ğŸ‡²ğŸ‡·, Muritanya, Murutaane"
http://www.wikidata.org/entity/Q1027,Mauritius,"mu, MRI, Maurice, Moris, ğŸ‡²ğŸ‡º, Republic of Mauritius"
http://www.wikidata.org/entity/Q96,Mexico,"MEX, MX, Mexican Republic, mx, MXN, Mexicans, ğŸ‡²ğŸ‡½, United Mexican States, US of M"
http://www.wikidata.org/entity/Q217,Moldova,"md, Moldavia, MDA, ğŸ‡²ğŸ‡©, Republic of Moldova, Republica Moldova"
http://www.wikidata.org/entity/Q235,Monaco,"MON, Fort-Hercule, mc, ğŸ‡²ğŸ‡¨, Principality and Diocese of Monaco, Principality of Monaco, MÃ¹negu, PrinÃ§ipatu de MÃ¹negu, PrincipautÃ© de Monaco, Principato di Monaco, Principatu de MuÌnegu"
http://www.wikidata.org/entity/Q711,Mongolia,"MGL, MNG, ğŸ‡²ğŸ‡³, mn, Mongol uls"
http://www.wikidata.org/entity/Q236,Montenegro,"me, MNE, Crna Gora, ğŸ‡²ğŸ‡ª"
http://www.wikidata.org/entity/Q1028,Morocco,"ma, MAR, Marocco, Maroc, ğŸ‡²ğŸ‡¦, al-MaÄ¡rib, Kingdom of Morocco, LmaÄ¡rib"
http://www.wikidata.org/entity/Q1029,Mozambique,"MOZ, MZ, MoÃ§ambique, mz, ğŸ‡²ğŸ‡¿, Republic of Mozambique, RepÃºblica de MoÃ§ambique"
http://www.wikidata.org/entity/Q836,Myanmar,"MM, Burma, BUR, Union of Burma, MYA, ğŸ‡²ğŸ‡², Republic of the Union of Myanmar"
http://www.wikidata.org/entity/Q1030,Namibia,"na, NAM, ğŸ‡³ğŸ‡¦, Republic of Namibia"
http://www.wikidata.org/entity/Q697,Nauru,"nr, Pleasant Island, ğŸ‡³ğŸ‡·, Naoero, Republic of Nauru"
http://www.wikidata.org/entity/Q837,Nepal,"NPL, ğŸ‡³ğŸ‡µ, NP, NEP, Federal Democratic Republic of Nepal"
http://www.wikidata.org/entity/Q664,New Zealand,"Aotearoa, Aotearoa New Zealand, Dominion of New Zealand, nz, NZ, ğŸ‡³ğŸ‡¿, NZL"
http://www.wikidata.org/entity/Q811,Nicaragua,"NI, NIC, NCA, ni, ğŸ‡³ğŸ‡®, Republic of Nicaragua"
http://www.wikidata.org/entity/Q1032,Niger,"ne, ğŸ‡³ğŸ‡ª, Republic Niger, Republic of Niger, The Niger, Republic of the Niger"
http://www.wikidata.org/entity/Q1033,Nigeria,"NG, NGR, NGA, Federal Republic of Nigeria, FRN, Naija, ğŸ‡³ğŸ‡¬"
http://www.wikidata.org/entity/Q423,North Korea,"kp, PRK, ğŸ‡°ğŸ‡µ, Democratic People's Republic of Korea, Dem. Rep. Korea, DPRK, N. Korea"
http://www.wikidata.org/entity/Q221,North Macedonia,"NM, MKD, mk, nm, Former Yugoslav Republic of Macedonia, FYR Macedonia, FYROM, ğŸ‡²ğŸ‡°, Republic of North Macedonia"
http://www.wikidata.org/entity/Q20,Norway,"NO, ğŸ‡³ğŸ‡´, NOR, Kingdom of Norway"
http://www.wikidata.org/entity/Q842,Oman,"om, ğŸ‡´ğŸ‡², Sultanate of Oman, Ø³Ù„Ø·Ù†Øª Ø¹Ù…Ø§Ù†, omn"
http://www.wikidata.org/entity/Q843,Pakistan,"Islamic Republic of Pakistan, Republic of Pakistan"
http://www.wikidata.org/entity/Q695,Palau,"pw, Belau, Pelew, Pelew islands, ğŸ‡µğŸ‡¼, Republic of Belau, Republic of Palau"
http://www.wikidata.org/entity/Q804,Panama,"pa, ğŸ‡µğŸ‡¦, Republic of Panama"
http://www.wikidata.org/entity/Q691,Papua New Guinea,"PNG, pg, Independent State of Papua New Guinea, ğŸ‡µğŸ‡¬"
http://www.wikidata.org/entity/Q733,Paraguay,"py, ğŸ‡µğŸ‡¾, Heart of South America, Republic of Paraguay, pry"
http://www.wikidata.org/entity/Q148,People's Republic of China,"China, China PR, CHN, cn, CN, ğŸ‡¨ğŸ‡³, Mainland China, PR China, PRC, RPC"
http://www.wikidata.org/entity/Q419,Peru,"per, pe, ğŸ‡µğŸ‡ª, Republic of Peru, Republica del Peru, RepÃºblica del PerÃº"
http://www.wikidata.org/entity/Q928,Philippines,"PH, RP, The Philippines, PHL, Republic of the Philippines, Philippine Islands, PHI, ph, ğŸ‡µğŸ‡­"
http://www.wikidata.org/entity/Q36,Poland,"PL, ğŸ‡µğŸ‡±, POL, Polska, Republic of Poland"
http://www.wikidata.org/entity/Q45,Portugal,"Portuguese Republic, PRT, PT, ğŸ‡µğŸ‡¹"
http://www.wikidata.org/entity/Q846,Qatar,"ğŸ‡¶ğŸ‡¦, qat, qa, State of Qatar"
http://www.wikidata.org/entity/Q27,Republic of Ireland,"Southern Ireland, Ireland, Ã‰ire, IRL, Hibernia, IE, Ireland, Republic of, Eire, ie, ğŸ‡®ğŸ‡ª, Ireland (state)"
http://www.wikidata.org/entity/Q971,Republic of the Congo,"Congo, CGO, cg, ğŸ‡¨ğŸ‡¬, Congo (Brazzaville), Congo Republic, Congo-Brazzaville, Rep. Congo, Republic of Congo, Republique du Congo, RÃ©publique du Congo"
http://www.wikidata.org/entity/Q218,Romania,"ro, Rumania, ğŸ‡·ğŸ‡´, RomÃ¢nia, Roumania"
http://www.wikidata.org/entity/Q159,Russia,"RF, RUS, Rus, RU, Russian Federation, ru, Rossija, Rossiya, Rossijskaja Federatsija, Rossiyskaya Federatsiya, Ğ Ğ¾ÑÑĞ¸Ñ, Ğ Ğ¾ÑÑĞ¸Ğ¹ÑĞºĞ°Ñ Ğ¤ĞµĞ´ĞµÑ€Ğ°Ñ†Ğ¸Ñ, Federation of Russia"
http://www.wikidata.org/entity/Q1037,Rwanda,"ğŸ‡·ğŸ‡¼, rw, Republic of Rwanda"
http://www.wikidata.org/entity/Q763,Saint Kitts and Nevis,"kn, St. Kitts and Nevis, Federation of Saint Kitts and Nevis, Kitts & Nevis, ğŸ‡°ğŸ‡³, Saint Christopher and Nevis, St Kitts and Nevis, St. Kitts & Nevis, kna"
http://www.wikidata.org/entity/Q760,Saint Lucia,"St Lucia, St. Lucia, lca, Hewanorra, Iyonola, lc, ğŸ‡±ğŸ‡¨, St. Lucia (island)"
http://www.wikidata.org/entity/Q757,Saint Vincent and the Grenadines,"St. Vincent, St Vincent, Saint Vincent, ğŸ‡»ğŸ‡¨, St Vincent and the Grenadines, St. Vincent and the Grenadines, vc, vct"
http://www.wikidata.org/entity/Q683,Samoa,"SAM, ws, Independent State of Samoa, Western Samoa, ğŸ‡¼ğŸ‡¸"
http://www.wikidata.org/entity/Q238,San Marino,"SMR, ğŸ‡¸ğŸ‡², sm, Most Serene Republic of San Marino"
http://www.wikidata.org/entity/Q851,Saudi Arabia,"sa, KSA, ğŸ‡¸ğŸ‡¦, Kingdom of Saudi Arabia"
http://www.wikidata.org/entity/Q1041,Senegal,"sn, SEN, ğŸ‡¸ğŸ‡³, Republic of Senegal"
http://www.wikidata.org/entity/Q403,Serbia,"RS, SRB, Republic of Serbia, Republika Srbija, Srbija"
http://www.wikidata.org/entity/Q1042,Seychelles,"sc, SEY, Republic of Seychelles, ğŸ‡¸ğŸ‡¨"
http://www.wikidata.org/entity/Q1044,Sierra Leone,"Republic of Sierra Leone, sl, ğŸ‡¸ğŸ‡±, SLE"
http://www.wikidata.org/entity/Q334,Singapore,"SG, Garden City, SGP, sg, Singapore City, Lion City, Republic of Singapore, ğŸ‡¸ğŸ‡¬"
http://www.wikidata.org/entity/Q214,Slovakia,"sk, SVK, ğŸ‡¸ğŸ‡°, Slovak Republic, Slovakia (Slovak Republic)"
http://www.wikidata.org/entity/Q215,Slovenia,"SLO, slo, si, Slovenija, svn, Republic of Slovenia, Republika Slovenija, ğŸ‡¸ğŸ‡®"
http://www.wikidata.org/entity/Q685,Solomon Islands,"sb, SOL, ğŸ‡¸ğŸ‡§"
http://www.wikidata.org/entity/Q1045,Somalia,"so, SOM, ğŸ‡¸ğŸ‡´, Federal Republic of Somalia"
http://www.wikidata.org/entity/Q258,South Africa,"SA, za, ğŸ‡¿ğŸ‡¦, Republic of South Africa, RSA, zaf"
http://www.wikidata.org/entity/Q884,South Korea,"Republic of Korea, KOR, SK, ROK, kr, ğŸ‡°ğŸ‡·, Hanguk, Korea (South), Korea Republic, Rep. Korea, S. Korea, Daehan Minguk, Daehanminguk"
http://www.wikidata.org/entity/Q958,South Sudan,"ss, SSD, ğŸ‡¸ğŸ‡¸, Republic of South Sudan, Southern Sudan"
http://www.wikidata.org/entity/Q29,Spain,"ESP, ES, Kingdom of Spain, ğŸ‡ªğŸ‡¸"
http://www.wikidata.org/entity/Q854,Sri Lanka,"Ceylon, Ceylan, SRI, Srilanka, ce, Democratic Socialist Republic of Sri Lanka, Lanka, Sri, lk, ğŸ‡±ğŸ‡°, lke, Serendib, sri, Taprobane, Ø³Ø±Ù†Ø¯ÙŠØ¨, Ø³ÙŠÙ„Ø§Ù†"
http://www.wikidata.org/entity/Q219060,State of Palestine,"Palestine, Palestinian National Authority, Palestinian Authority, ğŸ‡µğŸ‡¸"
http://www.wikidata.org/entity/Q1049,Sudan,"as-SÅ«dÄn, North Sudan, Republic of Sudan, Republic of the Sudan, sd, ğŸ‡¸ğŸ‡©, SUD, the Sudan"
http://www.wikidata.org/entity/Q730,Suriname,"sr, Dutch Guiana, Surinam, SUR, ğŸ‡¸ğŸ‡·, Republic of Surinam, Republic of Suriname"
http://www.wikidata.org/entity/Q34,Sweden,"se, SWE, Sverige, SE, Kingdom of Sweden, ğŸ‡¸ğŸ‡ª, Konungariket Sverige"
http://www.wikidata.org/entity/Q39,Switzerland,"Swiss, Swiss Confederation, CH, CHE, Schweiz, SUI, Svizzera, Suisse, Confoederatio Helvetica"
http://www.wikidata.org/entity/Q858,Syria,"SYR, sy, ğŸ‡¸ğŸ‡¾, Syrian Arab Republic"
http://www.wikidata.org/entity/Q1039,SÃ£o TomÃ© and PrÃ­ncipe,"STP, Sao Tome and Principe, st, Democratic Republic of SÃ£o TomÃ© and PrÃ­ncipe, Sao Tome & Principe, SÃ£o TomÃ© og PrÃ­ncipe, ğŸ‡¸ğŸ‡¹"
http://www.wikidata.org/entity/Q865,Taiwan,"Chinese Taipei, ROC, Nationalist China, Formosa, TW, Republic of China (Taiwan), Republic of China, ğŸ‡¹ğŸ‡¼, TWN, Free China, Taipei, Free area of the Republic of China, China (formerly known as), China, Republic, Chunghwa Minkuo, Chunghwa Minkwo, Taiwan ROC"
http://www.wikidata.org/entity/Q863,Tajikistan,"Republic of Tajikistan, tj, ğŸ‡¹ğŸ‡¯, TJK"
http://www.wikidata.org/entity/Q924,Tanzania,"tz, ğŸ‡¹ğŸ‡¿, United Republic of Tanganyika and Zanzibar, United Republic of Tanzania, tza"
http://www.wikidata.org/entity/Q869,Thailand,"Kingdom of Thailand, Land of Smiles, Siam, th, ğŸ‡¹ğŸ‡­, THA"
http://www.wikidata.org/entity/Q778,The Bahamas,"Bahamas, ğŸ‡§ğŸ‡¸, bs, Bahama Islands, Commonwealth of the Bahamas"
http://www.wikidata.org/entity/Q1005,The Gambia,"gm, Gambia, GAM, ğŸ‡¬ğŸ‡², Islamic Republic of the Gambia, Republic of The Gambia"
http://www.wikidata.org/entity/Q945,Togo,"TOG, ğŸ‡¹ğŸ‡¬, tg, Togolese Republic"
http://www.wikidata.org/entity/Q678,Tonga,"to, TGA, Tonga Islands, ğŸ‡¹ğŸ‡´, Friendly Islands, Kingdom of Tonga"
http://www.wikidata.org/entity/Q754,Trinidad and Tobago,"TTO, tt, ğŸ‡¹ğŸ‡¹, Republic of Trinidad and Tobago, Trinidad & Tobago"
http://www.wikidata.org/entity/Q948,Tunisia,"Republic of Tunisia, tn, ğŸ‡¹ğŸ‡³, TUN, Tunisian Republic"
http://www.wikidata.org/entity/Q43,Turkey,"TR, Republic of Turkey, TUR, TÃ¼rkiye, Republic of TÃ¼rkiye"
http://www.wikidata.org/entity/Q874,Turkmenistan,"TKM, tm, ğŸ‡¹ğŸ‡², Turkmenia"
http://www.wikidata.org/entity/Q672,Tuvalu,"TUV, tv, Ellice Islands, ğŸ‡¹ğŸ‡»"
http://www.wikidata.org/entity/Q1036,Uganda,"UGA, ğŸ‡ºğŸ‡¬, Republic of Uganda, ug"
http://www.wikidata.org/entity/Q212,Ukraine,"UKR, UA, Ukraina, ua, ğŸ‡ºğŸ‡¦, Ukr., Ukrainia, the Ukraine"
http://www.wikidata.org/entity/Q878,United Arab Emirates,"ae, ğŸ‡¦ğŸ‡ª, Emirates, the Emirates, the U.A.E., the UAE, the United Arab Emirates, U.A.E., UAE"
http://www.wikidata.org/entity/Q145,United Kingdom,"Britain, UK, G. B., GBR, Great Britain, ğŸ‡¬ğŸ‡§, GB, United Kingdom of Great Britain and Northern Ireland, G B, G B R, G.B., G.B.R., Great Britain and Northern Ireland, U K, U. K., U.K., The United Kingdom of Great Britain and Northern Ireland, The UK"
http://www.wikidata.org/entity/Q30,United States of America,"America, United States, US, the States, the U.S., the United States, the United States of America, the US, the USA, U. S., U. S. A., U.S., U.S.A., US of A, USA, ğŸ‡ºğŸ‡¸"
http://www.wikidata.org/entity/Q77,Uruguay,"ğŸ‡ºğŸ‡¾, URU, Oriental Republic of Uruguay, RepÃºblica Oriental del Uruguay, uy"
http://www.wikidata.org/entity/Q265,Uzbekistan,"Republic of Uzbekistan, uz, ğŸ‡ºğŸ‡¿, UZB"
http://www.wikidata.org/entity/Q686,Vanuatu,"Republic of Vanuatu, van, VAN, vu, ğŸ‡»ğŸ‡º, vut"
http://www.wikidata.org/entity/Q237,Vatican City,"vat, va, Vatican, CittÃ  del Vaticano, Civitas Vaticana, Papal State, State of Vatican City, Stato della CittÃ  del Vaticano, Status Civitatis Vaticanae, The Vatican, ğŸ‡»ğŸ‡¦, Vatican City State"
http://www.wikidata.org/entity/Q717,Venezuela,"Bolivarian Republic of Venezuela, BR Venezuela, Estados Unidos de Venezuela, VE, ğŸ‡»ğŸ‡ª, VEN, Vzla"
http://www.wikidata.org/entity/Q881,Vietnam,"VN, VNM, Socialist Republic of Vietnam, SRV, VIE, Viet Nam, Viá»‡t Nam, ğŸ‡»ğŸ‡³"
http://www.wikidata.org/entity/Q805,Yemen,"YEM, ğŸ‡¾ğŸ‡ª, ye, Rep. Yemen, Republic of Yemen"
http://www.wikidata.org/entity/Q953,Zambia,"ZAM, Republic of Zambia, zm, ğŸ‡¿ğŸ‡²"
http://www.wikidata.org/entity/Q954,Zimbabwe,"Rhodesia, ZIM, Southern Rhodesia, Republic of Zimbabwe, Zimbabwe Rhodesia, zw, ğŸ‡¿ğŸ‡¼"
